Period total fertility rates by birth order and period total fertility rates by birth order by age 40
Last modified: 2026-03-23
Code    Year       TFR      TFR1      TFR2      TFR3      TFR4     TFR5p     TFR40   TFR40_1   TFR40_2   TFR40_3   TFR40_4  TFR40_5p
AUT     1984     1.522     0.685     0.506     0.209     0.076     0.047     1.502     0.683     0.503     0.204     0.072     0.040
AUT     1985     1.474     0.667     0.495     0.201     0.070     0.042     1.454     0.665     0.491     0.196     0.067     0.036
AUT     1986     1.449     0.664     0.485     0.194     0.069     0.038     1.430     0.662     0.482     0.190     0.065     0.032
AUT     1987     1.432     0.663     0.480     0.186     0.064     0.038     1.411     0.661     0.477     0.182     0.060     0.032
AUT     1988     1.447     0.679     0.483     0.189     0.062     0.034     1.429     0.677     0.480     0.184     0.059     0.029
AUT     1989     1.446     0.668     0.490     0.193     0.063     0.032     1.427     0.665     0.486     0.189     0.059     0.028
AUT     1990     1.457     0.672     0.500     0.195     0.061     0.030     1.437     0.670     0.496     0.190     0.057     0.025
AUT     1991     1.507     0.706     0.509     0.198     0.064     0.030     1.488     0.704     0.506     0.193     0.060     0.026
AUT     1992     1.505     0.705     0.512     0.199     0.061     0.028     1.485     0.702     0.507     0.194     0.058     0.024
AUT     1993     1.501     0.697     0.524     0.194     0.059     0.028     1.480     0.694     0.519     0.189     0.055     0.024
AUT     1994     1.465     0.674     0.520     0.189     0.057     0.026     1.445     0.671     0.515     0.184     0.053     0.022
AUT     1995     1.423     0.658     0.504     0.182     0.055     0.025     1.403     0.655     0.500     0.177     0.051     0.021
AUT     1996     1.446     0.670     0.515     0.183     0.054     0.023     1.424     0.666     0.510     0.177     0.050     0.020
AUT     1997     1.393     0.659     0.486     0.176     0.050     0.021     1.370     0.656     0.480     0.171     0.046     0.018
AUT     1998     1.370     0.646     0.485     0.169     0.049     0.021     1.348     0.642     0.479     0.164     0.045     0.018
AUT     1999     1.340     0.639     0.468     0.165     0.048     0.020     1.316     0.634     0.461     0.159     0.044     0.017
AUT     2000     1.364     0.652     0.481     0.164     0.048     0.019     1.341     0.647     0.475     0.159     0.044     0.016
AUT     2001     1.331     0.643     0.462     0.161     0.046     0.020     1.305     0.637     0.456     0.154     0.042     0.016
AUT     2002     1.394     0.665     0.484     0.174     0.051     0.021     1.366     0.659     0.477     0.166     0.047     0.017
AUT     2003     1.376     0.656     0.477     0.173     0.049     0.021     1.346     0.649     0.469     0.165     0.045     0.018
AUT     2004     1.419     0.678     0.492     0.175     0.053     0.022     1.389     0.671     0.483     0.168     0.048     0.019
AUT     2005     1.408     0.672     0.486     0.176     0.052     0.022     1.376     0.665     0.476     0.169     0.047     0.019
AUT     2006     1.409     0.674     0.486     0.174     0.053     0.022     1.374     0.666     0.476     0.166     0.048     0.018
AUT     2007     1.385     0.655     0.484     0.172     0.051     0.023     1.349     0.646     0.473     0.163     0.047     0.020
AUT     2008     1.417     0.676     0.493     0.174     0.050     0.024     1.378     0.667     0.481     0.165     0.046     0.020
AUT     2009     1.396     0.668     0.483     0.173     0.050     0.023     1.355     0.657     0.470     0.164     0.045     0.020
AUT     2010     1.443     0.691     0.506     0.174     0.049     0.023     1.401     0.679     0.493     0.164     0.045     0.020
AUT     2011     1.431     0.693     0.496     0.170     0.049     0.024     1.385     0.680     0.481     0.160     0.044     0.020
AUT     2012     1.440     0.698     0.504     0.169     0.047     0.021     1.392     0.684     0.489     0.159     0.042     0.018
AUT     2013     1.436     0.696     0.509     0.164     0.046     0.022     1.385     0.680     0.491     0.154     0.041     0.019
AUT     2014     1.464     0.707     0.517     0.171     0.047     0.022     1.412     0.691     0.500     0.159     0.043     0.019
AUT     2015     1.491     0.725     0.524     0.171     0.048     0.023     1.434     0.707     0.506     0.159     0.043     0.019
AUT     2016     1.530     0.728     0.541     0.182     0.051     0.027     1.469     0.709     0.521     0.171     0.046     0.023
AUT     2017     1.518     0.728     0.532     0.178     0.053     0.027     1.458     0.709     0.512     0.168     0.047     0.023
AUT     2018     1.475     0.702     0.516     0.178     0.051     0.027     1.411     0.683     0.495     0.165     0.045     0.022
AUT     2019     1.461     0.697     0.508     0.176     0.052     0.027     1.395     0.677     0.486     0.163     0.046     0.022
AUT     2020     1.436     0.694     0.503     0.169     0.045     0.024     1.372     0.674     0.482     0.158     0.040     0.019
AUT     2021     1.476     0.712     0.519     0.173     0.047     0.025     1.411     0.692     0.496     0.160     0.042     0.021
AUT     2022     1.409     0.693     0.486     0.158     0.046     0.025     1.344     0.672     0.464     0.146     0.041     0.021
AUT     2023     1.316     0.644     0.456     0.146     0.044     0.025     1.255     0.623     0.436     0.137     0.039     0.020
BEL     1998     1.601     0.719     0.538     0.224     0.074     0.046     1.579     0.715     0.533     0.220     0.071     0.040
BEL     1999     1.609     0.727     0.544     0.218     0.075     0.045     1.587     0.723     0.539     0.213     0.072     0.039
BEL     2000     1.648     0.754     0.551     0.222     0.075     0.046     1.623     0.750     0.546     0.216     0.071     0.040
BEL     2001     1.654     0.755     0.554     0.223     0.077     0.046     1.628     0.750     0.548     0.217     0.073     0.040
BEL     2002     1.622     0.747     0.545     0.213     0.074     0.044     1.595     0.742     0.539     0.208     0.069     0.037
BEL     2003     1.645     0.759     0.552     0.218     0.073     0.043     1.616     0.754     0.545     0.212     0.068     0.037
BEL     2004     1.704     0.786     0.564     0.231     0.079     0.045     1.671     0.779     0.556     0.223     0.074     0.039
BEL     2005     1.741     0.796     0.587     0.233     0.079     0.046     1.707     0.789     0.578     0.226     0.074     0.040
BEL     2006     1.788     0.812     0.613     0.237     0.080     0.047     1.752     0.805     0.604     0.229     0.075     0.041
BEL     2007     1.833     0.825     0.629     0.246     0.083     0.050     1.793     0.817     0.618     0.238     0.077     0.042
BEL     2008     1.863     0.839     0.640     0.249     0.084     0.051     1.820     0.830     0.629     0.240     0.078     0.044
BEL     2009     1.839     0.834     0.623     0.247     0.085     0.049     1.795     0.824     0.611     0.237     0.080     0.042
BEL     2010     1.845     0.830     0.627     0.256     0.086     0.047     1.797     0.819     0.614     0.245     0.079     0.040
BEL     2011     1.802     0.801     0.619     0.253     0.083     0.046     1.754     0.790     0.607     0.243     0.076     0.039
BEL     2012     1.783     0.785     0.617     0.247     0.086     0.048     1.732     0.773     0.604     0.236     0.079     0.040
BEL     2013     1.745     0.753     0.611     0.248     0.087     0.047     1.694     0.741     0.597     0.237     0.079     0.040
BEL     2014     1.734     0.741     0.607     0.250     0.087     0.049     1.678     0.729     0.591     0.238     0.080     0.041
BEL     2015     1.688     0.724     0.589     0.242     0.086     0.048     1.633     0.710     0.573     0.230     0.079     0.040
BEL     2016     1.673     0.723     0.580     0.238     0.085     0.048     1.616     0.710     0.564     0.225     0.077     0.040
BEL     2017     1.640     0.706     0.559     0.236     0.087     0.051     1.579     0.692     0.542     0.223     0.079     0.043
BEL     2018     1.614     0.684     0.549     0.238     0.091     0.052     1.552     0.669     0.532     0.225     0.083     0.043
BEL     2019     1.595     0.686     0.552     0.221     0.084     0.052     1.531     0.671     0.534     0.208     0.076     0.042
BEL     2020     1.543     0.678     0.533     0.204     0.079     0.050     1.481     0.663     0.515     0.192     0.070     0.041
BEL     2021     1.595     0.690     0.558     0.217     0.078     0.052     1.530     0.675     0.540     0.203     0.069     0.043
BEL     2022     1.527     0.670     0.526     0.204     0.076     0.051     1.463     0.654     0.509     0.190     0.068     0.042
BGR     1947     2.829     0.957     0.812     0.448     0.246     0.365     2.737     0.953     0.806     0.440     0.236     0.303
BGR     1948     2.875     0.982     0.822     0.446     0.248     0.377     2.782     0.978     0.816     0.438     0.237     0.313
BGR     1949     2.869     0.974     0.830     0.438     0.250     0.377     2.777     0.971     0.824     0.430     0.239     0.314
BGR     1950     2.927     1.008     0.845     0.444     0.252     0.378     2.823     1.004     0.838     0.434     0.239     0.309
BGR     1951     2.424     0.901     0.685     0.355     0.194     0.289     2.348     0.898     0.679     0.347     0.186     0.238
BGR     1952     2.428     0.878     0.729     0.360     0.196     0.265     2.359     0.875     0.725     0.352     0.186     0.220
BGR     1953     2.411     0.908     0.726     0.338     0.184     0.255     2.340     0.905     0.721     0.329     0.174     0.209
BGR     1954     2.360     0.916     0.699     0.327     0.179     0.239     2.295     0.913     0.695     0.320     0.170     0.197
BGR     1955     2.380     0.959     0.715     0.305     0.166     0.235     2.318     0.956     0.712     0.299     0.158     0.193
BGR     1956     2.345     0.982     0.717     0.277     0.148     0.221     2.287     0.980     0.713     0.272     0.141     0.181
BGR     1957     2.254     0.987     0.703     0.244     0.127     0.193     2.206     0.985     0.700     0.241     0.121     0.160
BGR     1958     2.231     0.974     0.729     0.231     0.118     0.178     2.185     0.972     0.726     0.228     0.113     0.146
BGR     1959     2.235     1.022     0.734     0.217     0.106     0.156     2.196     1.020     0.731     0.214     0.102     0.129
BGR     1960     2.312     1.043     0.787     0.229     0.104     0.150     2.274     1.040     0.784     0.226     0.100     0.124
BGR     1961     2.291     1.004     0.825     0.224     0.100     0.138     2.257     1.002     0.822     0.220     0.096     0.116
BGR     1962     2.241     0.959     0.828     0.221     0.099     0.135     2.207     0.956     0.826     0.218     0.095     0.112
BGR     1963     2.211     0.956     0.823     0.214     0.093     0.125     2.181     0.953     0.820     0.211     0.090     0.107
BGR     1964     2.184     0.983     0.785     0.208     0.090     0.118     2.155     0.980     0.783     0.205     0.087     0.100
BGR     1965     2.086     0.945     0.744     0.193     0.086     0.119     2.061     0.942     0.741     0.191     0.084     0.103
BGR     1966     2.025     0.924     0.729     0.183     0.080     0.108     2.002     0.922     0.726     0.181     0.078     0.095
BGR     1967     2.022     0.940     0.721     0.181     0.078     0.101     2.000     0.937     0.718     0.180     0.076     0.089
BGR     1968     2.269     0.989     0.844     0.268     0.076     0.092     2.247     0.986     0.841     0.265     0.074     0.080
BGR     1969     2.268     0.974     0.853     0.282     0.075     0.085     2.248     0.971     0.850     0.279     0.073     0.074
BGR     1970     2.173     0.958     0.812     0.257     0.072     0.075     2.155     0.955     0.809     0.254     0.071     0.066
BGR     1971     2.102     0.959     0.773     0.227     0.072     0.071     2.084     0.957     0.770     0.224     0.071     0.063
BGR     1972     2.028     0.939     0.757     0.201     0.066     0.064     2.011     0.937     0.754     0.198     0.064     0.057
BGR     1973     2.148     0.983     0.830     0.202     0.069     0.064     2.132     0.981     0.828     0.200     0.067     0.057
BGR     1974     2.289     0.975     0.975     0.208     0.068     0.062     2.273     0.973     0.972     0.206     0.067     0.056
BGR     1975     2.226     0.968     0.922     0.210     0.066     0.060     2.211     0.966     0.919     0.208     0.065     0.054
BGR     1976     2.243     1.002     0.897     0.216     0.066     0.062     2.228     0.999     0.894     0.214     0.064     0.056
BGR     1977     2.206     1.002     0.876     0.207     0.064     0.057     2.192     1.000     0.873     0.205     0.062     0.052
BGR     1978     2.149     1.000     0.839     0.195     0.060     0.054     2.137     0.998     0.836     0.193     0.059     0.050
BGR     1979     2.155     1.020     0.826     0.198     0.058     0.054     2.143     1.017     0.823     0.196     0.057     0.049
BGR     1980     2.054     0.992     0.771     0.185     0.055     0.050     2.042     0.990     0.768     0.184     0.054     0.046
BGR     1981     2.003     0.982     0.744     0.176     0.053     0.048     1.992     0.979     0.742     0.174     0.052     0.044
BGR     1982     2.012     0.980     0.760     0.172     0.054     0.047     2.002     0.978     0.758     0.170     0.053     0.043
BGR     1983     2.006     0.942     0.789     0.176     0.053     0.046     1.996     0.940     0.787     0.174     0.052     0.043
BGR     1984     2.009     0.938     0.793     0.179     0.053     0.046     1.999     0.936     0.791     0.177     0.052     0.043
BGR     1985     1.978     0.924     0.772     0.181     0.054     0.047     1.968     0.922     0.770     0.179     0.053     0.044
BGR     1986     2.019     0.946     0.804     0.177     0.049     0.044     2.009     0.944     0.802     0.174     0.048     0.042
BGR     1987     1.965     0.916     0.790     0.170     0.047     0.041     1.955     0.914     0.788     0.168     0.046     0.039
BGR     1988     1.972     0.913     0.799     0.170     0.048     0.041     1.962     0.911     0.797     0.168     0.047     0.039
BGR     1989     1.889     0.899     0.740     0.163     0.047     0.040     1.880     0.897     0.738     0.161     0.046     0.037
BGR     1990     1.787     0.882     0.671     0.150     0.045     0.038     1.778     0.880     0.669     0.149     0.044     0.036
BGR     1991     1.644     0.880     0.561     0.127     0.040     0.035     1.636     0.878     0.559     0.125     0.039     0.034
BGR     1992     1.544     0.853     0.504     0.112     0.039     0.035     1.534     0.851     0.502     0.110     0.038     0.032
BGR     1993     1.466     0.793     0.491     0.105     0.040     0.037     1.456     0.791     0.489     0.103     0.039     0.035
BGR     1994     1.378     0.733     0.470     0.099     0.038     0.038     1.370     0.732     0.468     0.098     0.037     0.036
BGR     1995     1.249     0.672     0.427     0.088     0.030     0.031     1.241     0.670     0.425     0.086     0.030     0.030
BGR     1996     1.257     0.675     0.431     0.088     0.031     0.032     1.248     0.673     0.430     0.086     0.030     0.030
BGR     1997     1.122     0.647     0.347     0.074     0.027     0.028     1.114     0.644     0.345     0.072     0.026     0.026
BGR     1998     1.152     0.671     0.362     0.069     0.025     0.026     1.144     0.668     0.360     0.068     0.024     0.024
BGR     1999     1.285     0.719     0.408     0.090     0.034     0.034     1.276     0.717     0.407     0.088     0.033     0.032
BGR     2000     1.322     0.768     0.400     0.085     0.034     0.034     1.312     0.765     0.398     0.084     0.033     0.032
BGR     2001     1.236     0.721     0.367     0.083     0.032     0.032     1.226     0.719     0.365     0.081     0.031     0.031
BGR     2002     1.217     0.694     0.376     0.085     0.031     0.031     1.208     0.692     0.374     0.083     0.030     0.029
BGR     2003     1.247     0.719     0.379     0.083     0.033     0.032     1.237     0.716     0.377     0.082     0.032     0.030
BGR     2004     1.309     0.761     0.392     0.091     0.034     0.033     1.298     0.757     0.389     0.088     0.033     0.030
BGR     2005     1.347     0.792     0.406     0.084     0.032     0.033     1.336     0.789     0.403     0.082     0.031     0.031
BGR     2006     1.422     0.841     0.428     0.087     0.032     0.034     1.409     0.837     0.424     0.085     0.031     0.033
BGR     2007     1.470     0.850     0.463     0.090     0.032     0.036     1.455     0.844     0.459     0.087     0.031     0.034
BGR     2008     1.544     0.893     0.493     0.093     0.031     0.034     1.527     0.887     0.488     0.090     0.030     0.032
BGR     2009     1.640     0.910     0.550     0.106     0.035     0.039     1.620     0.903     0.543     0.103     0.034     0.037
BGR     2010     1.558     0.846     0.533     0.107     0.035     0.037     1.536     0.838     0.526     0.103     0.034     0.035
BGR     2011     1.498     0.806     0.518     0.103     0.035     0.037     1.475     0.798     0.509     0.100     0.034     0.034
BGR     2012     1.498     0.800     0.516     0.108     0.036     0.038     1.475     0.792     0.508     0.104     0.035     0.036
BGR     2013     1.480     0.786     0.508     0.112     0.036     0.038     1.455     0.777     0.499     0.109     0.035     0.036
BGR     2014     1.534     0.815     0.533     0.114     0.036     0.036     1.505     0.805     0.522     0.110     0.035     0.034
BGR     2015     1.530     0.802     0.547     0.113     0.034     0.035     1.498     0.790     0.535     0.108     0.033     0.033
BGR     2016     1.543     0.811     0.546     0.118     0.034     0.035     1.507     0.797     0.532     0.113     0.033     0.032
BGR     2017     1.560     0.822     0.550     0.121     0.034     0.033     1.520     0.808     0.533     0.116     0.032     0.031
BGR     2018     1.558     0.813     0.555     0.122     0.035     0.032     1.517     0.798     0.539     0.116     0.033     0.030
BGR     2019     1.584     0.835     0.556     0.125     0.036     0.031     1.540     0.819     0.538     0.118     0.035     0.030
BGR     2020     1.558     0.821     0.548     0.123     0.035     0.032     1.512     0.804     0.530     0.116     0.033     0.029
BGR     2021     1.578     0.815     0.566     0.131     0.036     0.031     1.532     0.797     0.548     0.125     0.034     0.028
BLR     1964     2.282     0.891     0.697     0.375     0.163     0.155     2.191     0.881     0.685     0.360     0.150     0.115
BLR     1965     2.241     0.910     0.671     0.354     0.160     0.146     2.152     0.900     0.659     0.338     0.145     0.109
BLR     1966     2.309     0.914     0.703     0.369     0.168     0.155     2.222     0.905     0.690     0.355     0.154     0.119
BLR     1967     2.286     0.951     0.720     0.336     0.148     0.131     2.210     0.943     0.708     0.322     0.136     0.101
BLR     1968     2.316     0.982     0.733     0.330     0.142     0.129     2.234     0.970     0.719     0.316     0.131     0.099
BLR     1969     2.290     0.979     0.741     0.315     0.135     0.120     2.219     0.969     0.728     0.303     0.125     0.094
BLR     1970     2.354     1.021     0.775     0.320     0.127     0.111     2.291     1.013     0.764     0.309     0.117     0.088
BLR     1971     2.360     1.042     0.778     0.309     0.123     0.107     2.302     1.034     0.768     0.299     0.114     0.086
BLR     1972     2.311     1.023     0.781     0.293     0.114     0.100     2.256     1.015     0.772     0.282     0.106     0.081
BLR     1973     2.227     0.991     0.763     0.275     0.104     0.093     2.174     0.983     0.755     0.265     0.096     0.075
BLR     1974     2.214     0.992     0.771     0.264     0.098     0.089     2.166     0.986     0.761     0.255     0.091     0.073
BLR     1975     2.157     0.976     0.756     0.244     0.093     0.089     2.113     0.970     0.748     0.235     0.086     0.073
BLR     1976     2.120     0.981     0.745     0.228     0.084     0.082     2.078     0.975     0.737     0.220     0.078     0.068
BLR     1977     2.087     0.970     0.747     0.214     0.079     0.078     2.047     0.965     0.740     0.207     0.073     0.063
BLR     1978     2.065     0.986     0.741     0.197     0.070     0.071     2.031     0.981     0.735     0.191     0.065     0.059
BLR     1979     2.028     0.993     0.731     0.179     0.062     0.063     1.997     0.988     0.725     0.174     0.057     0.053
BLR     1980     2.007     0.988     0.734     0.172     0.054     0.059     1.979     0.984     0.728     0.167     0.050     0.049
BLR     1981     2.008     0.958     0.762     0.181     0.055     0.052     1.980     0.955     0.756     0.175     0.051     0.043
BLR     1982     1.991     0.948     0.756     0.179     0.053     0.054     1.965     0.946     0.751     0.174     0.049     0.045
BLR     1983     2.154     0.965     0.878     0.203     0.055     0.053     2.131     0.963     0.873     0.199     0.051     0.045
BLR     1984     2.096     0.974     0.821     0.198     0.052     0.050     2.072     0.972     0.817     0.193     0.048     0.042
BLR     1985     2.055     0.960     0.805     0.194     0.050     0.047     2.033     0.958     0.800     0.188     0.047     0.040
BLR     1986     2.156     0.990     0.845     0.213     0.056     0.052     2.130     0.987     0.841     0.207     0.052     0.044
BLR     1987     2.086     1.010     0.788     0.189     0.051     0.048     2.061     1.006     0.783     0.184     0.047     0.041
BLR     1988     2.120     1.033     0.811     0.183     0.049     0.044     2.096     1.029     0.806     0.178     0.046     0.037
BLR     1989     2.028     1.029     0.758     0.161     0.042     0.038     2.007     1.025     0.755     0.156     0.039     0.033
BLR     1990     1.913     1.020     0.677     0.141     0.039     0.036     1.896     1.017     0.673     0.138     0.037     0.032
BLR     1991     1.806     1.009     0.597     0.129     0.037     0.033     1.790     1.006     0.593     0.126     0.035     0.029
BLR     1992     1.765     0.988     0.589     0.123     0.035     0.030     1.750     0.985     0.586     0.120     0.033     0.026
BLR     1993     1.624     0.909     0.540     0.114     0.033     0.028     1.610     0.906     0.537     0.111     0.031     0.025
BLR     1994     1.535     0.884     0.491     0.103     0.030     0.026     1.522     0.881     0.488     0.101     0.029     0.023
BLR     1995     1.407     0.826     0.440     0.091     0.027     0.024     1.395     0.823     0.437     0.089     0.025     0.021
BLR     1996     1.335     0.799     0.405     0.084     0.026     0.022     1.324     0.796     0.403     0.081     0.024     0.020
BLR     1997     1.250     0.729     0.391     0.084     0.025     0.021     1.240     0.727     0.389     0.081     0.024     0.019
BLR     1998     1.300     0.744     0.416     0.093     0.026     0.021     1.290     0.742     0.414     0.090     0.025     0.019
BLR     1999     1.311     0.757     0.416     0.090     0.026     0.021     1.300     0.755     0.414     0.087     0.025     0.019
BLR     2000     1.318     0.759     0.427     0.089     0.025     0.019     1.308     0.757     0.425     0.086     0.023     0.017
BLR     2001     1.287     0.731     0.421     0.090     0.026     0.019     1.275     0.729     0.419     0.087     0.024     0.017
BLR     2002     1.241     0.713     0.402     0.086     0.024     0.017     1.230     0.711     0.399     0.083     0.022     0.015
BLR     2003     1.232     0.716     0.394     0.082     0.023     0.017     1.220     0.714     0.390     0.079     0.021     0.015
BLR     2004     1.234     0.717     0.390     0.086     0.023     0.016     1.221     0.715     0.387     0.083     0.021     0.015
BLR     2005     1.253     0.713     0.405     0.092     0.025     0.017     1.240     0.712     0.401     0.089     0.023     0.015
BLR     2006     1.335     0.750     0.438     0.104     0.027     0.017     1.322     0.748     0.434     0.100     0.025     0.015
BLR     2007     1.430     0.773     0.488     0.120     0.029     0.019     1.414     0.771     0.483     0.116     0.027     0.017
BLR     2008     1.488     0.798     0.517     0.125     0.029     0.019     1.471     0.796     0.512     0.120     0.027     0.016
BLR     2009     1.509     0.802     0.536     0.123     0.029     0.019     1.489     0.799     0.530     0.117     0.027     0.016
BLR     2010     1.495     0.774     0.543     0.131     0.029     0.018     1.475     0.771     0.536     0.125     0.027     0.015
BLR     2011     1.516     0.771     0.557     0.141     0.030     0.017     1.495     0.768     0.550     0.135     0.027     0.015
BLR     2012     1.621     0.828     0.592     0.149     0.033     0.018     1.598     0.825     0.584     0.143     0.031     0.015
BLR     2013     1.668     0.809     0.632     0.172     0.037     0.019     1.643     0.806     0.623     0.165     0.034     0.016
BLR     2014     1.697     0.807     0.649     0.180     0.042     0.020     1.668     0.803     0.638     0.172     0.038     0.017
BLR     2015     1.725     0.776     0.671     0.208     0.047     0.023     1.693     0.772     0.659     0.199     0.043     0.020
BLR     2016     1.734     0.761     0.663     0.231     0.053     0.025     1.700     0.757     0.652     0.222     0.048     0.022
BLR     2017     1.541     0.669     0.581     0.211     0.054     0.025     1.507     0.665     0.570     0.201     0.050     0.021
BLR     2018     1.448     0.619     0.544     0.205     0.053     0.027     1.413     0.615     0.533     0.195     0.048     0.023
CAN     1944     2.998     0.883     0.687     0.435     0.279     0.714     2.819     0.875     0.676     0.422     0.265     0.581
CAN     1945     2.999     0.859     0.691     0.448     0.284     0.717     2.816     0.851     0.680     0.434     0.270     0.581
CAN     1946     3.359     1.033     0.796     0.498     0.304     0.728     3.172     1.023     0.784     0.484     0.290     0.593
CAN     1947     3.580     1.173     0.853     0.526     0.317     0.711     3.397     1.162     0.840     0.510     0.302     0.582
CAN     1948     3.421     1.026     0.850     0.530     0.321     0.694     3.246     1.016     0.838     0.515     0.305     0.572
CAN     1949     3.440     0.980     0.879     0.559     0.332     0.690     3.270     0.971     0.866     0.543     0.316     0.574
CAN     1950     3.431     0.954     0.867     0.577     0.344     0.689     3.267     0.945     0.855     0.562     0.327     0.578
CAN     1951     3.478     0.976     0.866     0.591     0.360     0.685     3.313     0.967     0.854     0.574     0.344     0.576
CAN     1952     3.624     1.033     0.873     0.625     0.387     0.705     3.461     1.024     0.861     0.609     0.370     0.597
CAN     1953     3.702     1.044     0.901     0.640     0.399     0.718     3.538     1.034     0.888     0.622     0.381     0.612
CAN     1954     3.815     1.069     0.919     0.661     0.414     0.753     3.642     1.060     0.906     0.642     0.395     0.640
CAN     1955     3.820     1.047     0.916     0.669     0.427     0.761     3.649     1.038     0.903     0.652     0.407     0.649
CAN     1956     3.841     1.043     0.920     0.676     0.433     0.769     3.677     1.035     0.909     0.659     0.415     0.660
CAN     1957     3.930     1.082     0.928     0.694     0.445     0.782     3.766     1.074     0.916     0.676     0.426     0.673
CAN     1958     3.893     1.062     0.920     0.684     0.448     0.779     3.739     1.055     0.909     0.669     0.429     0.677
CAN     1959     3.943     1.052     0.940     0.699     0.462     0.790     3.791     1.045     0.930     0.683     0.443     0.689
CAN     1960     3.909     1.025     0.925     0.706     0.461     0.792     3.759     1.018     0.916     0.691     0.443     0.692
CAN     1961     3.853     0.988     0.902     0.701     0.464     0.798     3.702     0.982     0.892     0.686     0.446     0.696
CAN     1962     3.770     0.953     0.882     0.683     0.461     0.791     3.626     0.947     0.873     0.669     0.444     0.693
CAN     1963     3.680     0.932     0.854     0.672     0.449     0.773     3.544     0.926     0.846     0.659     0.433     0.681
CAN     1964     3.512     0.918     0.827     0.640     0.422     0.705     3.378     0.913     0.818     0.626     0.405     0.616
CAN     1965     3.149     0.879     0.750     0.555     0.365     0.600     3.031     0.874     0.742     0.542     0.350     0.523
CAN     1966     2.815     0.857     0.697     0.477     0.300     0.485     2.712     0.852     0.689     0.467     0.287     0.418
CAN     1967     2.596     0.852     0.662     0.424     0.258     0.400     2.509     0.848     0.656     0.414     0.246     0.345
CAN     1968     2.455     0.843     0.652     0.396     0.227     0.337     2.379     0.839     0.646     0.388     0.217     0.290
CAN     1969     2.404     0.840     0.653     0.391     0.216     0.304     2.336     0.836     0.647     0.383     0.207     0.263
CAN     1970     2.312     0.838     0.639     0.376     0.196     0.264     2.251     0.834     0.634     0.368     0.187     0.227
CAN     1971     2.138     0.794     0.617     0.341     0.171     0.216     2.088     0.790     0.612     0.335     0.165     0.187
CAN     1972     1.965     0.758     0.601     0.301     0.140     0.165     1.924     0.755     0.596     0.296     0.135     0.142
CAN     1973     1.875     0.755     0.601     0.276     0.117     0.126     1.842     0.752     0.598     0.271     0.112     0.108
CAN     1974     1.830     0.753     0.609     0.266     0.104     0.098     1.801     0.750     0.606     0.262     0.100     0.084
CAN     1975     1.832     0.755     0.621     0.273     0.099     0.084     1.806     0.752     0.618     0.269     0.096     0.072
CAN     1976     1.782     0.735     0.620     0.265     0.090     0.071     1.759     0.733     0.616     0.262     0.087     0.061
CAN     1977     1.750     0.748     0.604     0.258     0.082     0.058     1.731     0.746     0.600     0.255     0.079     0.050
CAN     1978     1.697     0.730     0.591     0.248     0.077     0.051     1.678     0.727     0.588     0.245     0.074     0.044
CAN     1979     1.695     0.727     0.591     0.256     0.076     0.046     1.678     0.725     0.588     0.253     0.073     0.040
CAN     1980     1.680     0.734     0.584     0.248     0.073     0.041     1.664     0.732     0.581     0.245     0.071     0.036
CAN     1981     1.652     0.727     0.572     0.241     0.072     0.040     1.635     0.725     0.569     0.238     0.069     0.035
CAN     1982     1.637     0.725     0.561     0.239     0.072     0.039     1.621     0.722     0.558     0.236     0.070     0.034
CAN     1983     1.621     0.721     0.559     0.234     0.070     0.036     1.606     0.719     0.555     0.231     0.068     0.032
CAN     1984     1.625     0.713     0.571     0.236     0.070     0.036     1.610     0.710     0.567     0.233     0.068     0.032
CAN     1985     1.611     0.701     0.569     0.236     0.070     0.034     1.595     0.699     0.565     0.232     0.068     0.031
CAN     1986     1.594     0.695     0.562     0.234     0.069     0.034     1.578     0.692     0.558     0.230     0.067     0.030
CAN     1987     1.576     0.688     0.558     0.229     0.068     0.034     1.559     0.684     0.554     0.225     0.066     0.030
CAN     1988     1.599     0.712     0.555     0.231     0.068     0.034     1.581     0.708     0.550     0.227     0.066     0.031
CAN     1989     1.659     0.746     0.567     0.240     0.071     0.034     1.640     0.742     0.563     0.236     0.069     0.031
CAN     1990     1.715     0.779     0.586     0.242     0.073     0.036     1.696     0.774     0.580     0.238     0.070     0.033
CAN     1991     1.718     0.777     0.585     0.245     0.074     0.036     1.698     0.773     0.580     0.240     0.072     0.033
CAN     1992     1.713     0.766     0.594     0.243     0.073     0.037     1.691     0.761     0.588     0.238     0.070     0.034
CAN     1993     1.685     0.756     0.583     0.236     0.072     0.037     1.662     0.751     0.577     0.232     0.069     0.034
CAN     1994     1.691     0.757     0.587     0.236     0.073     0.038     1.667     0.751     0.580     0.231     0.070     0.035
CAN     1995     1.673     0.750     0.581     0.231     0.072     0.038     1.648     0.745     0.574     0.226     0.070     0.035
CAN     1996     1.634     0.730     0.570     0.225     0.071     0.038     1.608     0.724     0.562     0.220     0.068     0.034
CAN     1997     1.571     0.699     0.555     0.214     0.067     0.037     1.545     0.692     0.547     0.209     0.064     0.033
CAN     1998     1.558     0.694     0.554     0.208     0.065     0.037     1.531     0.688     0.545     0.202     0.062     0.034
CAN     1999     1.546     0.697     0.544     0.205     0.064     0.037     1.517     0.690     0.534     0.199     0.061     0.033
CAN     2000     1.511     0.684     0.526     0.200     0.063     0.037     1.481     0.676     0.516     0.195     0.060     0.033
CAN     2001     1.540     0.685     0.554     0.202     0.063     0.037     1.509     0.677     0.543     0.195     0.060     0.033
CAN     2002     1.518     0.681     0.538     0.198     0.063     0.038     1.487     0.674     0.527     0.192     0.060     0.034
CAN     2003     1.547     0.704     0.540     0.202     0.063     0.039     1.514     0.695     0.529     0.195     0.060     0.035
CAN     2004     1.557     0.710     0.544     0.201     0.063     0.038     1.521     0.700     0.532     0.194     0.060     0.034
CAN     2005     1.580     0.715     0.554     0.205     0.065     0.040     1.543     0.705     0.542     0.198     0.062     0.036
CAN     2006     1.629     0.731     0.577     0.210     0.068     0.041     1.588     0.721     0.564     0.202     0.065     0.037
CAN     2007     1.671     0.744     0.590     0.222     0.071     0.044     1.627     0.733     0.575     0.213     0.067     0.040
CAN     2008     1.703     0.752     0.600     0.229     0.075     0.047     1.656     0.740     0.584     0.220     0.070     0.042
CAN     2009     1.692     0.746     0.593     0.230     0.076     0.047     1.642     0.733     0.575     0.220     0.072     0.042
CAN     2010     1.647     0.715     0.581     0.227     0.075     0.048     1.594     0.701     0.563     0.217     0.070     0.043
CAN     2011     1.628     0.709     0.576     0.223     0.073     0.047     1.574     0.694     0.558     0.212     0.068     0.042
CAN     2012     1.629     0.713     0.576     0.220     0.073     0.047     1.572     0.698     0.557     0.209     0.068     0.041
CAN     2013     1.606     0.703     0.566     0.218     0.072     0.046     1.549     0.687     0.547     0.207     0.067     0.041
CAN     2014     1.611     0.702     0.571     0.219     0.072     0.047     1.552     0.686     0.550     0.208     0.067     0.042
CAN     2015     1.597     0.697     0.561     0.218     0.074     0.047     1.536     0.680     0.540     0.206     0.069     0.041
CAN     2016     1.589     0.681     0.565     0.219     0.074     0.050     1.528     0.665     0.544     0.207     0.069     0.043
CAN     2017     1.542     0.654     0.543     0.218     0.077     0.050     1.480     0.638     0.522     0.206     0.070     0.044
CAN     2018     1.504     0.634     0.529     0.213     0.076     0.053     1.439     0.617     0.507     0.200     0.069     0.046
CAN     2019     1.472     0.625     0.514     0.207     0.073     0.052     1.406     0.608     0.492     0.194     0.066     0.045
CAN     2020     1.407     0.607     0.481     0.195     0.071     0.052     1.341     0.590     0.460     0.182     0.065     0.044
CAN     2021     1.422     0.614     0.492     0.195     0.070     0.051     1.357     0.597     0.471     0.183     0.064     0.043
CAN     2022     1.314     0.578     0.448     0.177     0.065     0.046     1.247     0.560     0.426     0.164     0.058     0.039
CAN     2023     1.258     0.568     0.420     0.162     0.060     0.047     1.192     0.550     0.399     0.150     0.054     0.040
CHE     1998     1.470     0.701     0.529     0.178     0.046     0.016     1.441     0.692     0.519     0.173     0.043     0.014
CHE     1999     1.482     0.724     0.523     0.175     0.043     0.016     1.451     0.714     0.513     0.169     0.041     0.014
CHE     2000     1.496     0.731     0.529     0.175     0.045     0.016     1.464     0.720     0.518     0.170     0.043     0.013
CHE     2001     1.384     0.687     0.490     0.155     0.038     0.013     1.349     0.677     0.478     0.148     0.035     0.011
CHE     2002     1.390     0.692     0.494     0.155     0.037     0.013     1.354     0.679     0.482     0.148     0.034     0.010
CHE     2003     1.385     0.698     0.487     0.154     0.035     0.012     1.349     0.685     0.474     0.147     0.032     0.010
CHE     2004     1.416     0.721     0.497     0.152     0.035     0.011     1.378     0.708     0.484     0.145     0.032     0.009
CHE     2005     1.420     0.731     0.491     0.152     0.034     0.012     1.378     0.716     0.476     0.145     0.031     0.009
CHE     2006     1.437     0.736     0.501     0.155     0.034     0.011     1.391     0.720     0.485     0.147     0.031     0.009
CHE     2007     1.456     0.734     0.522     0.153     0.037     0.011     1.407     0.717     0.504     0.144     0.033     0.008
CHE     2008     1.484     0.739     0.534     0.163     0.037     0.012     1.431     0.720     0.515     0.154     0.034     0.009
CHE     2009     1.497     0.746     0.538     0.164     0.038     0.012     1.441     0.727     0.517     0.153     0.034     0.009
CHE     2010     1.524     0.762     0.547     0.167     0.037     0.011     1.464     0.742     0.524     0.157     0.032     0.008
CHE     2011     1.518     0.755     0.549     0.166     0.037     0.011     1.455     0.734     0.524     0.155     0.033     0.009
CHE     2012     1.526     0.747     0.562     0.167     0.038     0.012     1.459     0.724     0.536     0.155     0.033     0.009
CHE     2013     1.517     0.742     0.561     0.167     0.036     0.011     1.448     0.716     0.535     0.156     0.032     0.009
CHE     2014     1.539     0.756     0.563     0.173     0.036     0.011     1.466     0.729     0.536     0.160     0.032     0.008
CHE     2015     1.540     0.757     0.561     0.174     0.037     0.011     1.463     0.730     0.531     0.161     0.033     0.009
CHE     2016     1.546     0.767     0.558     0.171     0.038     0.012     1.466     0.739     0.527     0.159     0.033     0.009
CHE     2017     1.522     0.748     0.557     0.170     0.036     0.011     1.442     0.720     0.525     0.157     0.031     0.009
CHE     2018     1.519     0.737     0.561     0.171     0.038     0.011     1.436     0.707     0.529     0.158     0.033     0.009
CHE     2019     1.480     0.727     0.540     0.164     0.038     0.011     1.396     0.696     0.508     0.150     0.033     0.009
CHE     2020     1.465     0.719     0.531     0.167     0.037     0.011     1.385     0.689     0.502     0.153     0.032     0.009
CHE     2021     1.517     0.733     0.562     0.173     0.038     0.012     1.437     0.706     0.529     0.159     0.033     0.010
CHE     2022     1.388     0.681     0.508     0.155     0.034     0.011     1.307     0.651     0.476     0.142     0.029     0.009
CHE     2023     1.332     0.659     0.487     0.141     0.034     0.011     1.253     0.629     0.457     0.129     0.029     0.008
CHE     2024     1.288     0.643     0.467     0.135     0.033     0.011     1.211     0.613     0.438     0.123     0.029     0.008
CHL     1992     2.499     0.953     0.758     0.441     0.201     0.145     2.418     0.945     0.745     0.423     0.185     0.121
CHL     1993     2.442     0.949     0.743     0.426     0.191     0.134     2.361     0.941     0.730     0.407     0.174     0.110
CHL     1994     2.394     0.954     0.723     0.412     0.183     0.122     2.318     0.947     0.710     0.392     0.168     0.101
CHL     1995     2.307     0.939     0.694     0.391     0.171     0.112     2.233     0.933     0.682     0.372     0.155     0.092
CHL     1996     2.271     0.942     0.688     0.378     0.162     0.102     2.199     0.935     0.676     0.359     0.146     0.083
CHL     1997     2.210     0.928     0.671     0.365     0.152     0.093     2.138     0.920     0.659     0.346     0.137     0.077
CHL     1998     2.173     0.912     0.669     0.358     0.148     0.086     2.103     0.905     0.656     0.338     0.134     0.070
CHL     1999     2.105     0.880     0.657     0.347     0.138     0.081     2.037     0.874     0.645     0.328     0.125     0.066
CHL     2000     2.085     0.872     0.652     0.344     0.140     0.078     2.017     0.865     0.638     0.324     0.126     0.064
CHL     2001     2.053     0.854     0.651     0.340     0.134     0.073     1.984     0.847     0.638     0.320     0.120     0.059
CHL     2002     1.986     0.829     0.634     0.329     0.127     0.067     1.917     0.821     0.621     0.308     0.113     0.054
CHL     2003     1.940     0.794     0.628     0.330     0.122     0.064     1.870     0.787     0.614     0.309     0.108     0.051
CHL     2004     1.900     0.792     0.618     0.317     0.116     0.057     1.831     0.785     0.604     0.295     0.102     0.045
CHL     2005     1.883     0.791     0.611     0.313     0.113     0.056     1.815     0.783     0.596     0.291     0.100     0.045
CHL     2006     1.875     0.806     0.600     0.307     0.110     0.053     1.804     0.798     0.584     0.284     0.095     0.042
CHL     2007     1.930     0.846     0.623     0.307     0.105     0.049     1.860     0.838     0.607     0.284     0.092     0.039
CHL     2008     1.963     0.868     0.637     0.311     0.101     0.046     1.891     0.860     0.620     0.288     0.088     0.036
CHL     2009     1.988     0.894     0.641     0.310     0.099     0.044     1.913     0.884     0.623     0.286     0.086     0.034
CHL     2010     1.956     0.836     0.643     0.324     0.107     0.046     1.881     0.828     0.625     0.300     0.093     0.036
CHL     2011     1.924     0.812     0.639     0.324     0.104     0.045     1.847     0.803     0.620     0.298     0.090     0.035
CHL     2012     1.875     0.806     0.619     0.307     0.099     0.044     1.801     0.797     0.601     0.284     0.085     0.035
CHL     2013     1.858     0.795     0.623     0.300     0.098     0.043     1.782     0.785     0.604     0.276     0.084     0.034
CHL     2014     1.919     0.812     0.651     0.315     0.098     0.043     1.840     0.801     0.630     0.290     0.085     0.034
CHL     2015     1.859     0.785     0.642     0.303     0.091     0.037     1.778     0.773     0.620     0.277     0.078     0.029
CHL     2016     1.753     0.710     0.617     0.299     0.090     0.036     1.671     0.699     0.593     0.273     0.078     0.028
CHL     2017     1.648     0.687     0.569     0.275     0.083     0.033     1.567     0.674     0.545     0.251     0.071     0.026
CHL     2018     1.662     0.709     0.562     0.274     0.084     0.033     1.582     0.695     0.538     0.250     0.073     0.026
CHL     2019     1.573     0.695     0.525     0.252     0.073     0.028     1.493     0.679     0.500     0.230     0.063     0.021
CHL     2020     1.459     0.645     0.502     0.213     0.072     0.026     1.383     0.628     0.479     0.193     0.062     0.021
CZE     1950     2.799     1.040     0.833     0.460     0.222     0.245     2.707     1.032     0.820     0.442     0.207     0.205
CZE     1951     2.769     1.044     0.807     0.450     0.223     0.245     2.683     1.037     0.795     0.434     0.208     0.208
CZE     1952     2.711     1.037     0.780     0.434     0.222     0.238     2.631     1.031     0.770     0.419     0.208     0.202
CZE     1953     2.624     0.978     0.769     0.428     0.215     0.233     2.546     0.973     0.759     0.413     0.202     0.198
CZE     1954     2.593     0.961     0.786     0.413     0.206     0.228     2.522     0.956     0.778     0.399     0.194     0.195
CZE     1955     2.590     0.967     0.792     0.408     0.201     0.222     2.520     0.962     0.784     0.396     0.190     0.189
CZE     1956     2.580     0.990     0.788     0.392     0.194     0.215     2.517     0.986     0.781     0.380     0.183     0.187
CZE     1957     2.505     0.989     0.764     0.369     0.179     0.204     2.452     0.985     0.758     0.360     0.170     0.179
CZE     1958     2.314     0.956     0.742     0.327     0.138     0.151     2.277     0.953     0.737     0.320     0.132     0.134
CZE     1959     2.128     0.947     0.710     0.271     0.099     0.101     2.101     0.944     0.707     0.266     0.095     0.090
CZE     1960     2.121     0.959     0.706     0.264     0.095     0.097     2.097     0.956     0.703     0.260     0.091     0.087
CZE     1961     2.140     0.971     0.725     0.265     0.090     0.089     2.116     0.968     0.722     0.260     0.087     0.079
CZE     1962     2.152     0.973     0.738     0.275     0.086     0.081     2.131     0.970     0.735     0.271     0.082     0.072
CZE     1963     2.353     1.018     0.828     0.317     0.097     0.092     2.331     1.016     0.825     0.313     0.094     0.083
CZE     1964     2.384     1.002     0.839     0.342     0.106     0.095     2.359     0.999     0.835     0.337     0.103     0.085
CZE     1965     2.209     0.933     0.777     0.303     0.102     0.094     2.185     0.931     0.774     0.298     0.098     0.084
CZE     1966     2.040     0.892     0.715     0.261     0.087     0.085     2.021     0.890     0.712     0.257     0.084     0.077
CZE     1967     1.929     0.887     0.667     0.227     0.074     0.075     1.912     0.885     0.664     0.224     0.071     0.068
CZE     1968     1.860     0.883     0.638     0.204     0.069     0.066     1.844     0.881     0.636     0.202     0.067     0.060
CZE     1969     1.893     0.904     0.649     0.207     0.069     0.065     1.878     0.902     0.646     0.204     0.066     0.059
CZE     1970     1.920     0.916     0.682     0.203     0.063     0.057     1.905     0.914     0.679     0.200     0.060     0.051
CZE     1971     1.980     0.926     0.732     0.208     0.063     0.051     1.966     0.924     0.730     0.205     0.061     0.045
CZE     1972     2.077     0.933     0.801     0.229     0.063     0.051     2.064     0.932     0.799     0.226     0.061     0.046
CZE     1973     2.291     0.954     0.942     0.273     0.071     0.052     2.276     0.952     0.940     0.270     0.068     0.047
CZE     1974     2.440     1.010     0.994     0.311     0.076     0.049     2.426     1.008     0.992     0.308     0.073     0.044
CZE     1975     2.412     1.012     0.966     0.316     0.073     0.044     2.397     1.011     0.964     0.313     0.070     0.040
CZE     1976     2.372     1.003     0.938     0.314     0.074     0.043     2.358     1.001     0.936     0.311     0.072     0.039
CZE     1977     2.329     0.991     0.919     0.307     0.072     0.040     2.316     0.989     0.917     0.303     0.070     0.036
CZE     1978     2.335     1.000     0.914     0.311     0.072     0.038     2.322     0.998     0.912     0.308     0.069     0.035
CZE     1979     2.298     0.987     0.899     0.310     0.068     0.034     2.286     0.985     0.896     0.307     0.066     0.031
CZE     1980     2.108     0.939     0.814     0.263     0.061     0.031     2.097     0.938     0.813     0.260     0.059     0.028
CZE     1981     2.021     0.899     0.788     0.247     0.057     0.030     2.009     0.897     0.786     0.244     0.055     0.027
CZE     1982     2.014     0.902     0.780     0.246     0.057     0.029     2.003     0.900     0.778     0.243     0.056     0.026
CZE     1983     1.971     0.908     0.743     0.238     0.055     0.027     1.961     0.907     0.742     0.235     0.053     0.025
CZE     1984     1.976     0.923     0.744     0.229     0.054     0.026     1.967     0.922     0.742     0.227     0.052     0.024
CZE     1985     1.974     0.924     0.747     0.224     0.053     0.025     1.965     0.923     0.746     0.222     0.051     0.023
CZE     1986     1.948     0.915     0.736     0.220     0.052     0.024     1.940     0.914     0.735     0.218     0.051     0.022
CZE     1987     1.923     0.908     0.730     0.210     0.052     0.023     1.915     0.907     0.728     0.208     0.050     0.022
CZE     1988     1.954     0.918     0.740     0.222     0.053     0.023     1.946     0.916     0.738     0.219     0.051     0.021
CZE     1989     1.888     0.895     0.712     0.209     0.049     0.023     1.880     0.894     0.711     0.207     0.047     0.021
CZE     1990     1.908     0.903     0.721     0.211     0.050     0.023     1.899     0.902     0.719     0.208     0.049     0.021
CZE     1991     1.861     0.910     0.679     0.199     0.051     0.023     1.852     0.909     0.677     0.195     0.049     0.021
CZE     1992     1.715     0.821     0.638     0.185     0.048     0.023     1.706     0.820     0.636     0.182     0.046     0.021
CZE     1993     1.667     0.764     0.640     0.185     0.051     0.026     1.657     0.763     0.639     0.182     0.049     0.024
CZE     1994     1.440     0.644     0.556     0.168     0.048     0.025     1.431     0.643     0.554     0.165     0.046     0.023
CZE     1995     1.281     0.557     0.512     0.146     0.043     0.023     1.272     0.556     0.511     0.143     0.041     0.021
CZE     1996     1.189     0.522     0.472     0.133     0.040     0.022     1.180     0.521     0.471     0.130     0.039     0.020
CZE     1997     1.178     0.527     0.459     0.132     0.036     0.023     1.169     0.526     0.458     0.129     0.034     0.021
CZE     1998     1.163     0.530     0.449     0.127     0.035     0.022     1.153     0.528     0.447     0.124     0.033     0.020
CZE     1999     1.139     0.529     0.432     0.123     0.035     0.020     1.129     0.527     0.430     0.120     0.033     0.018
CZE     2000     1.151     0.540     0.430     0.125     0.035     0.021     1.140     0.538     0.428     0.121     0.033     0.020
CZE     2001     1.144     0.535     0.430     0.125     0.034     0.021     1.131     0.533     0.427     0.121     0.031     0.018
CZE     2002     1.165     0.554     0.428     0.127     0.034     0.021     1.151     0.552     0.425     0.122     0.032     0.019
CZE     2003     1.172     0.564     0.429     0.126     0.033     0.020     1.156     0.562     0.425     0.120     0.031     0.018
CZE     2004     1.219     0.601     0.437     0.128     0.034     0.020     1.202     0.598     0.433     0.122     0.031     0.017
CZE     2005     1.275     0.628     0.463     0.131     0.034     0.019     1.256     0.625     0.459     0.125     0.031     0.017
CZE     2006     1.323     0.658     0.475     0.135     0.034     0.021     1.302     0.655     0.470     0.128     0.030     0.019
CZE     2007     1.440     0.695     0.529     0.156     0.038     0.022     1.415     0.692     0.523     0.147     0.034     0.019
CZE     2008     1.513     0.743     0.554     0.158     0.037     0.022     1.485     0.739     0.547     0.148     0.033     0.018
CZE     2009     1.514     0.744     0.559     0.152     0.038     0.021     1.485     0.739     0.551     0.142     0.034     0.018
CZE     2010     1.516     0.733     0.569     0.154     0.038     0.022     1.485     0.729     0.561     0.144     0.033     0.019
CZE     2011     1.427     0.700     0.536     0.137     0.035     0.020     1.396     0.695     0.526     0.126     0.031     0.018
CZE     2012     1.455     0.721     0.543     0.137     0.033     0.021     1.421     0.715     0.533     0.127     0.029     0.018
CZE     2013     1.461     0.730     0.533     0.142     0.035     0.021     1.426     0.724     0.523     0.131     0.030     0.018
CZE     2014     1.538     0.762     0.561     0.153     0.038     0.024     1.501     0.755     0.550     0.142     0.033     0.020
CZE     2015     1.585     0.795     0.576     0.153     0.037     0.024     1.543     0.786     0.563     0.141     0.032     0.020
CZE     2016     1.652     0.839     0.590     0.160     0.040     0.023     1.607     0.830     0.576     0.147     0.035     0.020
CZE     2017     1.714     0.870     0.611     0.167     0.041     0.025     1.667     0.860     0.595     0.154     0.036     0.022
CZE     2018     1.744     0.872     0.633     0.170     0.043     0.027     1.691     0.860     0.616     0.155     0.037     0.023
CZE     2019     1.754     0.872     0.642     0.173     0.041     0.025     1.699     0.859     0.624     0.158     0.036     0.022
CZE     2020     1.760     0.872     0.643     0.175     0.042     0.028     1.703     0.859     0.624     0.159     0.036     0.024
CZE     2021     1.819     0.880     0.691     0.180     0.042     0.026     1.758     0.865     0.669     0.165     0.036     0.023
DEUTE   1956     2.293     0.883     0.684     0.367     0.176     0.183     2.240     0.880     0.676     0.357     0.167     0.160
DEUTE   1957     2.242     0.856     0.665     0.359     0.178     0.185     2.191     0.852     0.658     0.349     0.169     0.163
DEUTE   1958     2.221     0.846     0.647     0.355     0.181     0.192     2.173     0.843     0.640     0.346     0.172     0.171
DEUTE   1959     2.358     0.893     0.674     0.378     0.197     0.216     2.309     0.891     0.668     0.368     0.188     0.195
DEUTE   1960     2.349     0.907     0.655     0.373     0.192     0.221     2.300     0.904     0.648     0.364     0.184     0.199
DEUTE   1961     2.424     0.955     0.663     0.376     0.196     0.235     2.376     0.953     0.657     0.367     0.187     0.214
DEUTE   1962     2.422     0.971     0.659     0.365     0.193     0.233     2.376     0.968     0.653     0.356     0.185     0.213
DEUTE   1963     2.477     0.992     0.680     0.370     0.195     0.240     2.430     0.988     0.674     0.361     0.187     0.221
DEUTE   1964     2.482     0.991     0.690     0.365     0.190     0.245     2.435     0.988     0.684     0.355     0.182     0.225
DEUTE   1965     2.485     0.997     0.702     0.361     0.188     0.237     2.440     0.994     0.695     0.352     0.181     0.218
DEUTE   1966     2.423     0.973     0.705     0.364     0.181     0.200     2.389     0.970     0.700     0.357     0.175     0.186
DEUTE   1967     2.334     0.959     0.690     0.347     0.168     0.170     2.305     0.956     0.686     0.342     0.163     0.158
DEUTE   1968     2.292     0.951     0.688     0.340     0.162     0.151     2.267     0.949     0.684     0.335     0.158     0.140
DEUTE   1969     2.232     0.957     0.677     0.325     0.145     0.129     2.210     0.954     0.674     0.321     0.141     0.119
DEUTE   1970     2.188     0.976     0.670     0.303     0.128     0.112     2.167     0.974     0.667     0.299     0.125     0.103
DEUTE   1971     2.129     0.970     0.657     0.285     0.117     0.101     2.108     0.968     0.654     0.281     0.113     0.092
DEUTE   1972     1.784     0.901     0.543     0.195     0.075     0.070     1.765     0.900     0.541     0.191     0.072     0.061
DEUTE   1973     1.573     0.878     0.482     0.120     0.043     0.050     1.559     0.876     0.480     0.117     0.041     0.044
DEUTE   1974     1.537     0.867     0.480     0.110     0.038     0.042     1.524     0.866     0.478     0.108     0.036     0.036
DEUTE   1975     1.540     0.868     0.498     0.104     0.036     0.035     1.528     0.867     0.496     0.102     0.034     0.029
DEUTE   1976     1.636     0.907     0.550     0.110     0.036     0.033     1.624     0.906     0.548     0.108     0.034     0.028
DEUTE   1977     1.850     0.965     0.679     0.131     0.040     0.033     1.838     0.964     0.678     0.129     0.038     0.028
DEUTE   1978     1.898     0.987     0.701     0.139     0.041     0.030     1.888     0.986     0.699     0.138     0.039     0.026
DEUTE   1979     1.895     0.986     0.696     0.143     0.041     0.028     1.885     0.985     0.694     0.142     0.040     0.024
DEUTE   1980     1.942     1.011     0.705     0.155     0.043     0.027     1.932     1.011     0.703     0.153     0.042     0.024
DEUTE   1981     1.858     0.948     0.688     0.152     0.043     0.027     1.850     0.947     0.687     0.151     0.042     0.024
DEUTE   1982     1.859     0.929     0.698     0.162     0.045     0.026     1.852     0.928     0.697     0.161     0.043     0.023
DEUTE   1983     1.791     0.889     0.667     0.163     0.045     0.026     1.783     0.888     0.666     0.161     0.044     0.024
DEUTE   1984     1.738     0.856     0.649     0.164     0.044     0.026     1.731     0.855     0.647     0.162     0.043     0.024
DEUTE   1985     1.736     0.827     0.644     0.191     0.047     0.028     1.729     0.826     0.643     0.189     0.046     0.025
DEUTE   1986     1.700     0.813     0.629     0.183     0.048     0.027     1.694     0.812     0.628     0.181     0.047     0.025
DEUTE   1987     1.737     0.808     0.650     0.198     0.051     0.030     1.729     0.808     0.648     0.196     0.050     0.027
DEUTE   1988     1.670     0.781     0.623     0.188     0.049     0.029     1.662     0.780     0.622     0.186     0.048     0.027
DEUTE   1989     1.580     0.747     0.580     0.176     0.048     0.029     1.573     0.746     0.578     0.174     0.047     0.027
DEUTE   1990         .         .         .         .         .         .         .         .         .         .         .         .
DEUTE   1991         .         .         .         .         .         .         .         .         .         .         .         .
DEUTE   1992         .         .         .         .         .         .         .         .         .         .         .         .
DEUTE   1993         .         .         .         .         .         .         .         .         .         .         .         .
DEUTE   1994         .         .         .         .         .         .         .         .         .         .         .         .
DEUTE   1995         .         .         .         .         .         .         .         .         .         .         .         .
DEUTE   1996         .         .         .         .         .         .         .         .         .         .         .         .
DEUTE   1997         .         .         .         .         .         .         .         .         .         .         .         .
DEUTE   1998         .         .         .         .         .         .         .         .         .         .         .         .
DEUTE   1999         .         .         .         .         .         .         .         .         .         .         .         .
DEUTE   2000         .         .         .         .         .         .         .         .         .         .         .         .
DEUTE   2001         .         .         .         .         .         .         .         .         .         .         .         .
DEUTE   2002         .         .         .         .         .         .         .         .         .         .         .         .
DEUTE   2003         .         .         .         .         .         .         .         .         .         .         .         .
DEUTE   2004         .         .         .         .         .         .         .         .         .         .         .         .
DEUTE   2005         .         .         .         .         .         .         .         .         .         .         .         .
DEUTE   2006         .         .         .         .         .         .         .         .         .         .         .         .
DEUTE   2007         .         .         .         .         .         .         .         .         .         .         .         .
DEUTE   2008         .         .         .         .         .         .         .         .         .         .         .         .
DEUTE   2009     1.430     0.733     0.490     0.140     0.042     0.025     1.401     0.727     0.481     0.133     0.038     0.022
DEUTE   2010     1.487     0.756     0.513     0.147     0.044     0.026     1.455     0.750     0.503     0.139     0.040     0.023
DEUTE   2011     1.462     0.753     0.497     0.145     0.041     0.026     1.429     0.746     0.486     0.137     0.037     0.023
DEUTE   2012     1.488     0.758     0.510     0.150     0.043     0.027     1.452     0.751     0.498     0.140     0.039     0.024
DEUTE   2013     1.494     0.757     0.513     0.152     0.045     0.026     1.455     0.748     0.500     0.143     0.041     0.023
DEUTE   2014     1.546     0.789     0.525     0.156     0.046     0.029     1.504     0.779     0.512     0.146     0.042     0.025
DEUTE   2015     1.562     0.783     0.535     0.165     0.050     0.030     1.517     0.772     0.520     0.155     0.045     0.026
DEUTE   2016     1.646     0.807     0.566     0.179     0.058     0.036     1.595     0.795     0.550     0.167     0.052     0.031
DEUTE   2017     1.616     0.773     0.564     0.185     0.058     0.036     1.563     0.761     0.547     0.173     0.052     0.031
DEUTNP  2009     1.385     0.696     0.466     0.153     0.045     0.024     1.342     0.684     0.452     0.145     0.041     0.021
DEUTNP  2010     1.420     0.708     0.481     0.160     0.046     0.025     1.374     0.695     0.465     0.150     0.042     0.022
DEUTNP  2011     1.391     0.696     0.472     0.154     0.044     0.024     1.344     0.683     0.456     0.145     0.040     0.021
DEUTNP  2012     1.410     0.700     0.484     0.156     0.046     0.024     1.361     0.686     0.467     0.146     0.041     0.021
DEUTNP  2013     1.420     0.705     0.487     0.158     0.046     0.024     1.367     0.689     0.468     0.147     0.041     0.021
DEUTNP  2014     1.476     0.734     0.502     0.165     0.048     0.026     1.418     0.717     0.482     0.154     0.043     0.022
DEUTNP  2015     1.503     0.740     0.515     0.170     0.051     0.027     1.443     0.722     0.494     0.159     0.045     0.023
DEUTNP  2016     1.597     0.772     0.549     0.186     0.058     0.032     1.531     0.753     0.525     0.173     0.052     0.027
DEUTNP  2017     1.570     0.745     0.546     0.188     0.058     0.033     1.503     0.726     0.522     0.174     0.052     0.028
DEUTW   2009     1.376     0.686     0.465     0.156     0.045     0.024     1.332     0.673     0.450     0.148     0.041     0.020
DEUTW   2010     1.408     0.697     0.478     0.163     0.046     0.025     1.361     0.682     0.462     0.154     0.042     0.021
DEUTW   2011     1.381     0.685     0.471     0.157     0.045     0.024     1.332     0.670     0.454     0.147     0.041     0.021
DEUTW   2012     1.400     0.689     0.482     0.159     0.046     0.023     1.349     0.674     0.464     0.149     0.042     0.020
DEUTW   2013     1.413     0.697     0.486     0.160     0.046     0.024     1.359     0.681     0.467     0.150     0.042     0.020
DEUTW   2014     1.471     0.727     0.502     0.168     0.049     0.025     1.413     0.710     0.481     0.157     0.044     0.021
DEUTW   2015     1.503     0.737     0.516     0.173     0.051     0.026     1.442     0.718     0.495     0.161     0.046     0.022
DEUTW   2016     1.602     0.771     0.551     0.190     0.058     0.031     1.535     0.751     0.527     0.177     0.052     0.027
DEUTW   2017     1.578     0.747     0.550     0.191     0.059     0.032     1.510     0.727     0.525     0.178     0.053     0.027
DNK     1968     2.117     0.895     0.695     0.323     0.126     0.077     2.084     0.892     0.690     0.316     0.119     0.066
DNK     1969     1.998     0.802     0.688     0.320     0.119     0.069     1.969     0.799     0.684     0.314     0.112     0.060
DNK     1970     1.949     0.778     0.691     0.310     0.108     0.062     1.921     0.775     0.686     0.304     0.102     0.053
DNK     1971     2.043     0.813     0.740     0.329     0.106     0.054     2.019     0.810     0.736     0.324     0.101     0.047
DNK     1972     2.029     0.832     0.705     0.332     0.107     0.053     2.007     0.831     0.702     0.328     0.103     0.045
DNK     1973     1.917     0.816     0.669     0.291     0.093     0.048     1.896     0.814     0.665     0.287     0.089     0.041
DNK     1974     1.896     0.838     0.664     0.270     0.082     0.042     1.877     0.835     0.661     0.267     0.078     0.036
DNK     1975     1.919     0.863     0.680     0.262     0.078     0.035     1.901     0.861     0.677     0.259     0.074     0.030
DNK     1976     1.748     0.775     0.640     0.235     0.066     0.033     1.731     0.773     0.637     0.232     0.062     0.027
DNK     1977     1.661     0.738     0.619     0.218     0.059     0.027     1.646     0.736     0.616     0.215     0.056     0.023
DNK     1978     1.669     0.744     0.641     0.208     0.055     0.022     1.656     0.742     0.639     0.205     0.052     0.018
DNK     1979     1.602     0.726     0.607     0.198     0.049     0.022     1.589     0.724     0.605     0.195     0.047     0.018
DNK     1980     1.547     0.715     0.573     0.193     0.046     0.020     1.534     0.713     0.571     0.189     0.044     0.017
DNK     1981     1.437     0.655     0.539     0.184     0.043     0.017     1.425     0.653     0.537     0.180     0.040     0.014
DNK     1982     1.427     0.643     0.546     0.180     0.043     0.015     1.415     0.642     0.543     0.177     0.041     0.013
DNK     1983     1.377     0.625     0.521     0.175     0.042     0.015     1.365     0.623     0.519     0.172     0.039     0.013
DNK     1984     1.400     0.640     0.524     0.181     0.041     0.015     1.388     0.638     0.521     0.178     0.039     0.013
DNK     1985     1.447     0.658     0.541     0.190     0.044     0.015     1.432     0.656     0.538     0.185     0.041     0.012
DNK     1986     1.480     0.674     0.548     0.195     0.047     0.016     1.463     0.672     0.544     0.190     0.044     0.013
DNK     1987     1.495     0.681     0.548     0.198     0.049     0.019     1.480     0.679     0.545     0.193     0.045     0.017
DNK     1988     1.559     0.708     0.582     0.204     0.049     0.016     1.542     0.706     0.578     0.200     0.045     0.014
DNK     1989     1.619     0.737     0.595     0.212     0.055     0.019     1.600     0.735     0.590     0.207     0.052     0.016
DNK     1990     1.667     0.757     0.602     0.230     0.057     0.020     1.647     0.754     0.596     0.225     0.054     0.018
DNK     1991     1.681     0.761     0.616     0.227     0.056     0.021     1.660     0.758     0.611     0.220     0.052     0.018
DNK     1992     1.761     0.775     0.657     0.247     0.061     0.022     1.738     0.772     0.649     0.240     0.058     0.019
DNK     1993     1.747     0.761     0.655     0.246     0.063     0.023     1.721     0.757     0.648     0.239     0.059     0.019
DNK     1994     1.805     0.782     0.671     0.262     0.068     0.023     1.778     0.777     0.664     0.254     0.063     0.020
DNK     1995     1.805     0.780     0.667     0.265     0.069     0.025     1.778     0.775     0.660     0.257     0.064     0.022
DNK     1996     1.748     0.766     0.637     0.255     0.065     0.024     1.719     0.761     0.629     0.246     0.061     0.021
DNK     1997     1.750     0.748     0.656     0.254     0.066     0.026     1.720     0.742     0.647     0.247     0.061     0.023
DNK     1998     1.719     0.738     0.647     0.245     0.064     0.026     1.689     0.732     0.637     0.238     0.059     0.022
DNK     1999     1.733     0.749     0.645     0.247     0.067     0.026     1.702     0.743     0.635     0.239     0.062     0.023
DNK     2000     1.769     0.770     0.655     0.250     0.065     0.028     1.734     0.763     0.645     0.242     0.060     0.024
DNK     2001     1.740     0.764     0.637     0.245     0.066     0.028     1.706     0.758     0.626     0.236     0.061     0.025
DNK     2002     1.720     0.752     0.632     0.241     0.065     0.029     1.683     0.744     0.621     0.233     0.060     0.025
DNK     2003     1.755     0.775     0.642     0.249     0.060     0.029     1.716     0.768     0.629     0.240     0.055     0.024
DNK     2004     1.781     0.784     0.649     0.256     0.064     0.027     1.743     0.777     0.638     0.246     0.058     0.023
DNK     2005     1.798     0.786     0.664     0.255     0.064     0.029     1.757     0.778     0.652     0.244     0.059     0.024
DNK     2006     1.846     0.815     0.679     0.260     0.065     0.026     1.802     0.806     0.666     0.248     0.059     0.022
DNK     2007     1.843     0.819     0.674     0.261     0.063     0.026     1.796     0.809     0.660     0.249     0.058     0.021
DNK     2008     1.888     0.842     0.687     0.267     0.065     0.027     1.838     0.831     0.670     0.255     0.060     0.022
DNK     2009     1.840     0.827     0.676     0.251     0.061     0.025     1.788     0.815     0.660     0.239     0.054     0.020
DNK     2010     1.871     0.840     0.689     0.258     0.060     0.025     1.819     0.827     0.673     0.246     0.053     0.020
DNK     2011     1.753     0.781     0.666     0.230     0.054     0.022     1.700     0.769     0.649     0.218     0.048     0.017
DNK     2012     1.730     0.765     0.657     0.233     0.053     0.022     1.676     0.751     0.639     0.221     0.047     0.017
DNK     2013     1.669     0.745     0.632     0.222     0.050     0.020     1.615     0.733     0.612     0.209     0.045     0.016
DNK     2014     1.692     0.755     0.643     0.222     0.051     0.020     1.634     0.741     0.624     0.208     0.046     0.016
DNK     2015     1.714     0.769     0.649     0.226     0.050     0.020     1.656     0.755     0.629     0.212     0.044     0.015
DNK     2016     1.786     0.818     0.653     0.244     0.052     0.019     1.725     0.802     0.633     0.229     0.046     0.015
DNK     2017     1.753     0.803     0.644     0.235     0.050     0.021     1.687     0.785     0.622     0.220     0.043     0.016
DNK     2018     1.731     0.783     0.647     0.230     0.051     0.019     1.662     0.765     0.624     0.214     0.045     0.015
DNK     2019     1.700     0.766     0.651     0.220     0.046     0.017     1.632     0.748     0.627     0.204     0.040     0.013
DNK     2020     1.676     0.741     0.657     0.216     0.046     0.016     1.607     0.722     0.633     0.200     0.040     0.012
DNK     2021     1.725     0.743     0.685     0.233     0.049     0.016     1.651     0.723     0.658     0.216     0.042     0.012
DNK     2022     1.554     0.688     0.602     0.206     0.041     0.015     1.482     0.667     0.578     0.192     0.035     0.011
DNK     2023     1.497     0.656     0.597     0.193     0.038     0.013     1.426     0.636     0.569     0.180     0.032     0.009
DNK     2024     1.466     0.649     0.578     0.190     0.037     0.012     1.395     0.629     0.552     0.175     0.031     0.008
ESP     1975     2.765     0.995     0.826     0.481     0.232     0.232     2.649     0.986     0.813     0.458     0.209     0.183
ESP     1976     2.770     1.011     0.837     0.474     0.228     0.219     2.655     1.002     0.825     0.451     0.206     0.171
ESP     1977     2.653     0.974     0.817     0.450     0.211     0.200     2.546     0.966     0.806     0.428     0.190     0.156
ESP     1978     2.542     0.947     0.790     0.434     0.194     0.178     2.443     0.939     0.779     0.414     0.174     0.137
ESP     1979     2.370     0.907     0.747     0.390     0.173     0.153     2.282     0.899     0.737     0.372     0.155     0.118
ESP     1980     2.216     0.905     0.694     0.340     0.147     0.129     2.134     0.893     0.684     0.326     0.132     0.099
ESP     1981     2.038     0.841     0.649     0.308     0.130     0.111     1.965     0.829     0.640     0.295     0.116     0.085
ESP     1982     1.942     0.805     0.624     0.290     0.122     0.101     1.872     0.793     0.615     0.277     0.110     0.077
ESP     1983     1.798     0.753     0.578     0.267     0.111     0.090     1.736     0.742     0.571     0.256     0.099     0.069
ESP     1984     1.726     0.744     0.556     0.249     0.099     0.078     1.668     0.733     0.550     0.238     0.089     0.059
ESP     1985     1.640     0.729     0.530     0.226     0.088     0.066     1.587     0.719     0.524     0.216     0.079     0.050
ESP     1986     1.556     0.699     0.517     0.207     0.077     0.055     1.509     0.689     0.511     0.198     0.069     0.042
ESP     1987     1.494     0.695     0.500     0.186     0.066     0.046     1.452     0.685     0.495     0.178     0.059     0.035
ESP     1988     1.448     0.694     0.487     0.170     0.058     0.038     1.410     0.685     0.482     0.162     0.051     0.029
ESP     1989     1.398     0.682     0.478     0.156     0.050     0.032     1.363     0.673     0.473     0.149     0.044     0.024
ESP     1990     1.361     0.671     0.473     0.146     0.044     0.027     1.330     0.662     0.468     0.139     0.039     0.021
ESP     1991     1.327     0.671     0.463     0.132     0.039     0.023     1.297     0.662     0.458     0.126     0.034     0.018
ESP     1992     1.311     0.672     0.458     0.126     0.034     0.020     1.282     0.663     0.453     0.120     0.030     0.016
ESP     1993     1.257     0.650     0.442     0.116     0.031     0.018     1.229     0.640     0.437     0.110     0.027     0.014
ESP     1994     1.188     0.613     0.424     0.108     0.027     0.016     1.162     0.604     0.418     0.103     0.024     0.012
ESP     1995     1.154     0.592     0.421     0.103     0.025     0.014     1.128     0.582     0.415     0.098     0.022     0.011
ESP     1996     1.137     0.563     0.433     0.104     0.024     0.013     1.110     0.557     0.425     0.097     0.021     0.010
ESP     1997     1.146     0.584     0.429     0.098     0.023     0.012     1.118     0.576     0.421     0.092     0.020     0.010
ESP     1998     1.124     0.581     0.417     0.094     0.021     0.012     1.095     0.573     0.408     0.087     0.018     0.009
ESP     1999     1.161     0.610     0.427     0.094     0.020     0.011     1.129     0.601     0.417     0.087     0.017     0.008
ESP     2000     1.207     0.648     0.436     0.094     0.019     0.011     1.173     0.638     0.425     0.086     0.017     0.008
ESP     2001     1.230     0.667     0.440     0.093     0.019     0.011     1.193     0.656     0.427     0.085     0.016     0.008
ESP     2002     1.252     0.692     0.437     0.093     0.019     0.010     1.212     0.680     0.423     0.085     0.017     0.008
ESP     2003     1.296     0.721     0.450     0.095     0.019     0.010     1.253     0.708     0.435     0.086     0.016     0.008
ESP     2004     1.313     0.734     0.455     0.095     0.020     0.010     1.268     0.720     0.438     0.086     0.017     0.007
ESP     2005     1.329     0.744     0.462     0.094     0.020     0.010     1.281     0.728     0.444     0.084     0.017     0.007
ESP     2006     1.362     0.763     0.473     0.096     0.020     0.010     1.310     0.747     0.452     0.086     0.017     0.008
ESP     2007     1.377     0.771     0.471     0.101     0.022     0.011     1.322     0.752     0.450     0.091     0.019     0.009
ESP     2008     1.446     0.791     0.511     0.108     0.024     0.012     1.386     0.772     0.487     0.097     0.020     0.010
ESP     2009     1.379     0.759     0.482     0.104     0.023     0.012     1.317     0.737     0.457     0.093     0.020     0.010
ESP     2010     1.369     0.742     0.486     0.105     0.024     0.012     1.303     0.719     0.460     0.095     0.021     0.009
ESP     2011     1.342     0.728     0.482     0.100     0.021     0.011     1.273     0.702     0.454     0.090     0.018     0.009
ESP     2012     1.321     0.714     0.475     0.100     0.021     0.010     1.247     0.686     0.445     0.089     0.018     0.008
ESP     2013     1.273     0.697     0.450     0.096     0.021     0.010     1.197     0.667     0.419     0.086     0.018     0.007
ESP     2014     1.318     0.713     0.471     0.101     0.022     0.010     1.237     0.681     0.439     0.091     0.019     0.008
ESP     2015     1.331     0.709     0.484     0.105     0.023     0.010     1.246     0.676     0.450     0.093     0.020     0.008
ESP     2016     1.334     0.698     0.490     0.111     0.025     0.010     1.246     0.663     0.454     0.099     0.022     0.008
ESP     2017     1.306     0.674     0.481     0.114     0.026     0.011     1.215     0.637     0.444     0.102     0.023     0.009
ESP     2018     1.257     0.639     0.464     0.115     0.028     0.012     1.164     0.601     0.427     0.102     0.024     0.009
ESP     2019     1.229     0.628     0.444     0.117     0.029     0.012     1.138     0.591     0.407     0.104     0.026     0.010
ESP     2020     1.180     0.616     0.411     0.112     0.029     0.012     1.090     0.579     0.376     0.100     0.025     0.010
ESP     2021     1.181     0.604     0.419     0.115     0.031     0.013     1.085     0.565     0.381     0.102     0.026     0.010
ESP     2022     1.158     0.597     0.404     0.114     0.030     0.013     1.060     0.556     0.366     0.101     0.026     0.011
ESP     2023     1.119     0.573     0.398     0.106     0.029     0.013     1.023     0.534     0.360     0.094     0.025     0.010
EST     1959     1.947     0.971     0.612     0.202     0.079     0.083     1.880     0.960     0.598     0.191     0.069     0.061
EST     1960     1.975     0.983     0.634     0.201     0.075     0.081     1.907     0.975     0.619     0.189     0.066     0.059
EST     1961     1.982     0.995     0.644     0.202     0.069     0.072     1.924     0.987     0.630     0.192     0.063     0.053
EST     1962     1.965     0.987     0.642     0.199     0.070     0.067     1.905     0.979     0.626     0.188     0.064     0.049
EST     1963     1.912     0.972     0.621     0.184     0.070     0.066     1.858     0.964     0.607     0.174     0.064     0.049
EST     1964     1.970     1.008     0.647     0.189     0.063     0.062     1.919     1.000     0.634     0.180     0.057     0.048
EST     1965     1.915     0.973     0.640     0.175     0.067     0.058     1.865     0.966     0.628     0.167     0.061     0.044
EST     1966     1.898     0.954     0.641     0.185     0.060     0.059     1.849     0.945     0.629     0.176     0.053     0.046
EST     1967     1.911     0.979     0.634     0.181     0.064     0.053     1.867     0.971     0.624     0.171     0.059     0.043
EST     1968     2.025     1.025     0.693     0.188     0.064     0.054     1.985     1.018     0.683     0.181     0.059     0.044
EST     1969     2.126     1.068     0.738     0.203     0.062     0.055     2.086     1.062     0.726     0.194     0.057     0.047
EST     1970     2.188     1.098     0.778     0.200     0.058     0.054     2.150     1.093     0.766     0.193     0.053     0.046
EST     1971     2.234     1.100     0.798     0.214     0.063     0.059     2.197     1.094     0.789     0.205     0.059     0.049
EST     1972     2.177     1.055     0.790     0.214     0.064     0.054     2.141     1.050     0.779     0.206     0.060     0.047
EST     1973     2.098     1.018     0.758     0.207     0.061     0.054     2.062     1.014     0.749     0.198     0.056     0.045
EST     1974     2.089     1.018     0.742     0.214     0.062     0.052     2.053     1.012     0.734     0.205     0.058     0.044
EST     1975     2.048     0.995     0.731     0.211     0.062     0.050     2.015     0.991     0.722     0.202     0.057     0.042
EST     1976     2.058     1.002     0.733     0.204     0.065     0.055     2.026     0.997     0.726     0.196     0.061     0.046
EST     1977     2.053     1.003     0.739     0.199     0.058     0.055     2.023     0.999     0.730     0.193     0.055     0.047
EST     1978     2.016     0.993     0.717     0.194     0.059     0.053     1.987     0.988     0.710     0.188     0.056     0.045
EST     1979     2.012     1.006     0.696     0.198     0.057     0.056     1.986     1.002     0.689     0.192     0.054     0.049
EST     1980     2.030     1.010     0.712     0.200     0.055     0.052     2.003     1.007     0.706     0.193     0.052     0.045
EST     1981     2.087     1.014     0.752     0.209     0.061     0.052     2.062     1.011     0.746     0.202     0.058     0.045
EST     1982     2.096     0.991     0.760     0.223     0.065     0.056     2.069     0.989     0.753     0.216     0.063     0.049
EST     1983     2.177     0.990     0.829     0.238     0.062     0.058     2.149     0.986     0.823     0.231     0.058     0.051
EST     1984     2.182     1.011     0.811     0.240     0.066     0.054     2.158     1.008     0.805     0.234     0.062     0.049
EST     1985     2.130     0.986     0.784     0.242     0.065     0.055     2.105     0.982     0.779     0.236     0.061     0.047
EST     1986     2.178     1.001     0.800     0.246     0.071     0.059     2.150     0.998     0.795     0.239     0.067     0.051
EST     1987     2.271     1.028     0.843     0.273     0.069     0.059     2.245     1.025     0.837     0.267     0.064     0.053
EST     1988     2.275     1.033     0.805     0.291     0.084     0.061     2.245     1.028     0.799     0.284     0.081     0.053
EST     1989     2.218     1.016     0.758     0.297     0.087     0.061     2.195     1.013     0.753     0.291     0.083     0.055
EST     1990     2.049     0.976     0.668     0.265     0.082     0.058     2.025     0.973     0.663     0.259     0.077     0.052
EST     1991     1.802     0.910     0.562     0.210     0.069     0.052     1.781     0.907     0.557     0.205     0.066     0.046
EST     1992     1.707     0.870     0.527     0.195     0.063     0.051     1.686     0.867     0.524     0.189     0.061     0.045
EST     1993     1.485     0.742     0.466     0.172     0.059     0.046     1.469     0.740     0.463     0.169     0.056     0.041
EST     1994     1.413     0.706     0.444     0.162     0.056     0.044     1.398     0.705     0.441     0.158     0.054     0.040
EST     1995     1.372     0.686     0.440     0.152     0.052     0.043     1.357     0.684     0.437     0.148     0.049     0.039
EST     1996     1.363     0.689     0.422     0.159     0.052     0.041     1.346     0.687     0.419     0.153     0.050     0.038
EST     1997     1.306     0.647     0.424     0.147     0.046     0.043     1.286     0.646     0.421     0.141     0.042     0.037
EST     1998     1.272     0.641     0.399     0.144     0.050     0.039     1.254     0.639     0.395     0.140     0.046     0.034
EST     1999     1.295     0.641     0.420     0.142     0.052     0.040     1.275     0.639     0.416     0.138     0.048     0.034
EST     2000     1.356     0.657     0.435     0.164     0.057     0.043     1.332     0.655     0.431     0.156     0.053     0.037
EST     2001     1.316     0.635     0.428     0.161     0.052     0.040     1.295     0.633     0.424     0.155     0.048     0.034
EST     2002     1.359     0.653     0.451     0.164     0.052     0.039     1.334     0.652     0.446     0.155     0.048     0.033
EST     2003     1.367     0.671     0.447     0.159     0.052     0.038     1.343     0.668     0.442     0.153     0.047     0.033
EST     2004     1.473     0.723     0.478     0.182     0.053     0.038     1.446     0.720     0.473     0.175     0.047     0.032
EST     2005     1.519     0.730     0.514     0.185     0.053     0.037     1.488     0.727     0.507     0.175     0.048     0.032
EST     2006     1.585     0.758     0.549     0.193     0.048     0.037     1.549     0.754     0.540     0.181     0.043     0.030
EST     2007     1.687     0.796     0.584     0.216     0.055     0.037     1.646     0.792     0.574     0.202     0.048     0.030
EST     2008     1.721     0.809     0.597     0.220     0.058     0.036     1.675     0.804     0.586     0.204     0.051     0.029
EST     2009     1.701     0.771     0.602     0.228     0.062     0.037     1.651     0.765     0.590     0.212     0.054     0.030
EST     2010     1.721     0.722     0.646     0.243     0.070     0.039     1.667     0.715     0.633     0.224     0.061     0.034
EST     2011     1.613     0.649     0.621     0.240     0.069     0.033     1.561     0.643     0.608     0.225     0.059     0.027
EST     2012     1.559     0.646     0.586     0.228     0.061     0.037     1.501     0.639     0.570     0.212     0.053     0.028
EST     2013     1.521     0.643     0.562     0.227     0.056     0.033     1.469     0.637     0.546     0.210     0.049     0.027
EST     2014     1.538     0.660     0.561     0.225     0.060     0.033     1.478     0.652     0.543     0.206     0.051     0.026
EST     2015     1.584     0.687     0.575     0.225     0.063     0.033     1.516     0.675     0.556     0.207     0.052     0.026
EST     2016     1.605     0.677     0.584     0.249     0.064     0.030     1.532     0.665     0.565     0.224     0.054     0.024
EST     2017     1.591     0.666     0.571     0.254     0.066     0.033     1.513     0.654     0.548     0.230     0.055     0.025
EST     2018     1.671     0.648     0.607     0.313     0.068     0.033     1.586     0.635     0.582     0.288     0.056     0.025
EST     2019     1.661     0.681     0.562     0.309     0.075     0.034     1.576     0.667     0.537     0.286     0.062     0.025
EST     2020     1.582     0.632     0.543     0.275     0.089     0.043     1.497     0.620     0.519     0.251     0.075     0.033
EST     2021     1.608     0.641     0.564     0.283     0.082     0.038     1.517     0.625     0.538     0.256     0.069     0.028
EST     2022     1.407     0.604     0.463     0.235     0.071     0.034     1.325     0.586     0.442     0.211     0.059     0.027
EST     2023     1.309     0.558     0.436     0.220     0.063     0.032     1.227     0.541     0.414     0.198     0.052     0.022
EST     2024     1.178     0.521     0.385     0.187     0.057     0.028     1.107     0.508     0.365     0.168     0.046     0.020
FIN     1982     1.715     0.712     0.624     0.260     0.069     0.050     1.679     0.708     0.618     0.251     0.064     0.038
FIN     1983     1.736     0.700     0.634     0.275     0.078     0.049     1.701     0.695     0.627     0.267     0.072     0.039
FIN     1984     1.694     0.675     0.611     0.280     0.078     0.051     1.658     0.671     0.604     0.270     0.072     0.041
FIN     1985     1.643     0.660     0.587     0.268     0.078     0.050     1.607     0.655     0.581     0.258     0.072     0.040
FIN     1986     1.597     0.637     0.576     0.260     0.075     0.049     1.563     0.633     0.570     0.251     0.070     0.039
FIN     1987     1.586     0.642     0.566     0.254     0.074     0.050     1.550     0.638     0.558     0.244     0.068     0.041
FIN     1988     1.693     0.685     0.595     0.283     0.079     0.051     1.655     0.680     0.587     0.273     0.073     0.042
FIN     1989     1.708     0.696     0.588     0.287     0.084     0.053     1.671     0.691     0.581     0.277     0.078     0.044
FIN     1990     1.782     0.731     0.595     0.307     0.092     0.057     1.741     0.725     0.586     0.297     0.085     0.047
FIN     1991     1.794     0.751     0.597     0.295     0.093     0.058     1.756     0.746     0.589     0.285     0.087     0.049
FIN     1992     1.848     0.756     0.625     0.304     0.101     0.062     1.806     0.750     0.616     0.295     0.094     0.051
FIN     1993     1.814     0.739     0.621     0.294     0.098     0.062     1.774     0.734     0.611     0.284     0.093     0.052
FIN     1994     1.846     0.730     0.630     0.310     0.105     0.071     1.805     0.724     0.621     0.300     0.099     0.061
FIN     1995     1.807     0.723     0.620     0.298     0.099     0.067     1.763     0.716     0.610     0.288     0.093     0.057
FIN     1996     1.764     0.715     0.599     0.288     0.096     0.065     1.721     0.708     0.590     0.279     0.090     0.055
FIN     1997     1.746     0.717     0.595     0.274     0.092     0.068     1.701     0.710     0.585     0.264     0.085     0.058
FIN     1998     1.700     0.697     0.574     0.268     0.092     0.069     1.653     0.689     0.563     0.257     0.085     0.058
FIN     1999     1.735     0.717     0.575     0.278     0.095     0.070     1.686     0.708     0.564     0.266     0.088     0.059
FIN     2000     1.729     0.712     0.579     0.273     0.093     0.072     1.680     0.703     0.568     0.262     0.086     0.061
FIN     2001     1.726     0.714     0.573     0.273     0.094     0.072     1.675     0.705     0.561     0.262     0.087     0.061
FIN     2002     1.718     0.718     0.568     0.266     0.091     0.076     1.666     0.708     0.555     0.255     0.084     0.064
FIN     2003     1.759     0.744     0.581     0.269     0.089     0.077     1.703     0.733     0.567     0.256     0.082     0.066
FIN     2004     1.800     0.759     0.589     0.274     0.098     0.079     1.742     0.749     0.575     0.261     0.090     0.067
FIN     2005     1.803     0.763     0.595     0.268     0.095     0.082     1.746     0.750     0.581     0.257     0.088     0.070
FIN     2006     1.837     0.774     0.611     0.273     0.096     0.084     1.779     0.762     0.597     0.260     0.088     0.072
FIN     2007     1.829     0.766     0.611     0.271     0.094     0.088     1.769     0.754     0.596     0.258     0.086     0.075
FIN     2008     1.847     0.770     0.619     0.275     0.096     0.087     1.786     0.757     0.603     0.261     0.090     0.075
FIN     2009     1.865     0.782     0.624     0.277     0.094     0.087     1.802     0.767     0.608     0.265     0.087     0.074
FIN     2010     1.870     0.781     0.630     0.276     0.093     0.090     1.807     0.768     0.613     0.264     0.086     0.077
FIN     2011     1.827     0.747     0.620     0.275     0.096     0.088     1.761     0.732     0.603     0.262     0.088     0.075
FIN     2012     1.801     0.739     0.611     0.268     0.093     0.089     1.732     0.724     0.593     0.255     0.085     0.075
FIN     2013     1.747     0.708     0.596     0.266     0.092     0.085     1.680     0.693     0.579     0.252     0.084     0.072
FIN     2014     1.711     0.699     0.584     0.256     0.087     0.084     1.644     0.684     0.567     0.243     0.080     0.070
FIN     2015     1.650     0.683     0.566     0.239     0.081     0.081     1.586     0.668     0.549     0.227     0.073     0.067
FIN     2016     1.567     0.651     0.531     0.226     0.082     0.077     1.494     0.635     0.510     0.213     0.074     0.063
FIN     2017     1.490     0.609     0.505     0.222     0.077     0.076     1.421     0.592     0.486     0.209     0.069     0.063
FIN     2018     1.407     0.578     0.479     0.199     0.075     0.077     1.341     0.562     0.461     0.187     0.069     0.062
FIN     2019     1.348     0.573     0.453     0.185     0.068     0.069     1.282     0.558     0.435     0.173     0.060     0.056
FIN     2020     1.371     0.583     0.465     0.187     0.066     0.069     1.303     0.568     0.445     0.174     0.060     0.056
FIN     2021     1.458     0.624     0.492     0.202     0.071     0.069     1.379     0.605     0.469     0.187     0.064     0.055
FIN     2022     1.316     0.579     0.434     0.177     0.064     0.062     1.241     0.559     0.413     0.164     0.057     0.048
FIN     2023     1.256     0.554     0.424     0.160     0.060     0.060     1.184     0.535     0.403     0.147     0.053     0.046
FIN     2024     1.251     0.551     0.430     0.156     0.056     0.057     1.177     0.531     0.409     0.144     0.050     0.044
GBR_NIR 1997     1.932     0.759     0.597     0.334     0.145     0.098     1.888     0.753     0.589     0.325     0.137     0.084
GBR_NIR 1998     1.906     0.759     0.592     0.329     0.135     0.091     1.864     0.753     0.583     0.321     0.128     0.079
GBR_NIR 1999     1.862     0.775     0.582     0.295     0.128     0.082     1.817     0.767     0.574     0.286     0.121     0.069
GBR_NIR 2000     1.755     0.722     0.548     0.289     0.121     0.075     1.712     0.714     0.540     0.280     0.113     0.065
GBR_NIR 2001     1.803     0.731     0.589     0.294     0.118     0.071     1.756     0.723     0.577     0.285     0.111     0.060
GBR_NIR 2002     1.760     0.741     0.567     0.280     0.108     0.064     1.713     0.732     0.555     0.271     0.100     0.055
GBR_NIR 2003     1.787     0.754     0.583     0.284     0.104     0.062     1.738     0.746     0.571     0.272     0.096     0.053
GBR_NIR 2004     1.841     0.773     0.613     0.293     0.105     0.057     1.795     0.764     0.602     0.283     0.098     0.048
GBR_NIR 2005     1.838     0.792     0.593     0.290     0.106     0.056     1.786     0.783     0.580     0.278     0.097     0.047
GBR_NIR 2006     1.901     0.817     0.620     0.296     0.112     0.057     1.845     0.805     0.606     0.284     0.102     0.048
GBR_NIR 2007     1.978     0.842     0.652     0.315     0.114     0.054     1.921     0.831     0.637     0.302     0.105     0.045
GBR_NIR 2008     2.056     0.882     0.674     0.324     0.119     0.057     1.994     0.871     0.657     0.309     0.110     0.048
GBR_NIR 2009     1.990     0.857     0.655     0.311     0.110     0.057     1.925     0.843     0.637     0.297     0.100     0.048
GBR_NIR 2010     2.023     0.842     0.685     0.326     0.115     0.054     1.960     0.830     0.668     0.310     0.106     0.046
GBR_NIR 2011     2.022     0.831     0.689     0.328     0.120     0.055     1.949     0.815     0.669     0.311     0.110     0.044
GBR_NIR 2012     2.027     0.817     0.703     0.333     0.119     0.056     1.955     0.802     0.683     0.315     0.109     0.047
GBR_NIR 2013     1.951     0.776     0.668     0.333     0.117     0.055     1.881     0.760     0.648     0.317     0.109     0.047
GBR_NIR 2014     1.959     0.776     0.679     0.327     0.113     0.063     1.887     0.760     0.658     0.313     0.104     0.053
GBR_NIR 2015     1.942     0.748     0.679     0.335     0.123     0.057     1.865     0.729     0.655     0.318     0.113     0.050
GBR_NIR 2016     1.929     0.772     0.658     0.328     0.114     0.057     1.857     0.754     0.638     0.311     0.106     0.049
GBR_NIR 2017     1.849     0.726     0.636     0.319     0.112     0.055     1.776     0.709     0.615     0.303     0.102     0.047
GBR_NIR 2018     1.829     0.728     0.626     0.312     0.107     0.057     1.757     0.708     0.606     0.296     0.097     0.049
GBR_NIR 2019     1.804     0.749     0.601     0.300     0.102     0.051     1.724     0.729     0.578     0.281     0.093     0.043
GBR_NIR 2020     1.680     0.698     0.560     0.267     0.107     0.048     1.604     0.677     0.539     0.250     0.097     0.041
GBR_NIR 2021     1.794     0.703     0.622     0.308     0.108     0.053     1.722     0.687     0.600     0.292     0.099     0.044
GBR_NIR 2022     1.704     0.706     0.561     0.280     0.100     0.056     1.628     0.688     0.540     0.262     0.090     0.047
GBR_NP  2013     1.817     0.714     0.647     0.284     0.106     0.065     1.745     0.695     0.624     0.270     0.099     0.057
GBR_NP  2014     1.796     0.706     0.644     0.278     0.103     0.064     1.722     0.687     0.620     0.264     0.095     0.056
GBR_NP  2015     1.780     0.708     0.638     0.271     0.101     0.063     1.705     0.688     0.613     0.256     0.093     0.055
GBR_NP  2016     1.758     0.733     0.619     0.252     0.094     0.060     1.679     0.711     0.593     0.238     0.086     0.051
GBR_NP  2017     1.700     0.718     0.594     0.240     0.090     0.059     1.621     0.696     0.568     0.225     0.082     0.050
GBR_NP  2018     1.636     0.704     0.570     0.223     0.083     0.055     1.558     0.682     0.545     0.209     0.076     0.047
GBR_NP  2019     1.588     0.694     0.549     0.213     0.079     0.052     1.510     0.672     0.522     0.199     0.072     0.044
GBR_NP  2020     1.514     0.679     0.513     0.198     0.074     0.050     1.439     0.657     0.488     0.184     0.067     0.042
GBR_NP  2021     1.536     0.668     0.538     0.206     0.074     0.049     1.460     0.648     0.512     0.192     0.067     0.041
GBR_NP  2022     1.481     0.659     0.503     0.197     0.073     0.049     1.404     0.637     0.478     0.183     0.066     0.041
GBR_SCO 2013     1.625     0.849     0.510     0.180     0.056     0.029     1.565     0.828     0.491     0.171     0.051     0.025
GBR_SCO 2014     1.643     0.817     0.543     0.192     0.061     0.030     1.581     0.795     0.521     0.181     0.056     0.026
GBR_SCO 2015     1.588     0.754     0.549     0.192     0.061     0.032     1.528     0.733     0.529     0.182     0.056     0.028
GBR_SCO 2016     1.562     0.727     0.545     0.194     0.062     0.033     1.497     0.706     0.523     0.183     0.056     0.029
GBR_SCO 2017     1.510     0.700     0.523     0.192     0.062     0.034     1.447     0.679     0.502     0.181     0.056     0.029
GBR_SCO 2018     1.463     0.677     0.513     0.183     0.057     0.032     1.396     0.656     0.490     0.171     0.052     0.027
GBR_SCO 2019     1.420     0.660     0.496     0.177     0.056     0.031     1.356     0.639     0.475     0.166     0.051     0.026
GBR_SCO 2020     1.333     0.636     0.451     0.163     0.054     0.029     1.272     0.616     0.429     0.152     0.049     0.025
GBR_SCO 2021     1.357     0.611     0.487     0.171     0.056     0.033     1.297     0.593     0.466     0.161     0.051     0.027
GBR_SCO 2022     1.324     0.603     0.462     0.170     0.057     0.031     1.261     0.584     0.440     0.159     0.052     0.026
GBRTENW 2013     1.830     0.700     0.659     0.292     0.111     0.069     1.757     0.681     0.636     0.277     0.103     0.060
GBRTENW 2014     1.804     0.694     0.652     0.284     0.106     0.067     1.730     0.675     0.628     0.269     0.098     0.059
GBRTENW 2015     1.792     0.702     0.645     0.275     0.104     0.066     1.715     0.683     0.619     0.261     0.096     0.057
GBRTENW 2016     1.770     0.732     0.624     0.255     0.096     0.062     1.690     0.710     0.598     0.241     0.089     0.053
GBRTENW 2017     1.712     0.719     0.599     0.242     0.092     0.061     1.632     0.697     0.572     0.227     0.084     0.052
GBRTENW 2018     1.645     0.705     0.574     0.224     0.085     0.057     1.566     0.683     0.548     0.210     0.077     0.049
GBRTENW 2019     1.596     0.696     0.552     0.214     0.080     0.054     1.517     0.674     0.525     0.200     0.073     0.046
GBRTENW 2020     1.525     0.683     0.517     0.199     0.075     0.051     1.449     0.661     0.492     0.185     0.068     0.044
GBRTENW 2021     1.544     0.673     0.541     0.206     0.075     0.050     1.467     0.651     0.514     0.192     0.068     0.042
GBRTENW 2022     1.489     0.662     0.505     0.197     0.074     0.050     1.411     0.640     0.479     0.182     0.066     0.042
HRV     2001     1.456     0.666     0.495     0.192     0.061     0.043     1.433     0.662     0.491     0.185     0.057     0.038
HRV     2002     1.424     0.668     0.488     0.176     0.056     0.036     1.399     0.663     0.483     0.170     0.052     0.032
HRV     2003     1.409     0.673     0.483     0.164     0.052     0.037     1.386     0.669     0.478     0.158     0.049     0.032
HRV     2004     1.429     0.683     0.488     0.170     0.051     0.037     1.404     0.677     0.483     0.164     0.047     0.033
HRV     2005     1.503     0.698     0.513     0.201     0.055     0.036     1.478     0.693     0.508     0.194     0.052     0.032
HRV     2006     1.466     0.695     0.498     0.187     0.051     0.035     1.439     0.689     0.492     0.181     0.046     0.030
HRV     2007     1.483     0.704     0.504     0.187     0.055     0.033     1.454     0.697     0.497     0.180     0.051     0.029
HRV     2008     1.551     0.741     0.529     0.193     0.054     0.034     1.520     0.733     0.520     0.186     0.051     0.029
HRV     2009     1.585     0.759     0.538     0.200     0.055     0.034     1.550     0.750     0.529     0.192     0.050     0.029
HRV     2010     1.548     0.737     0.536     0.188     0.052     0.035     1.515     0.729     0.527     0.181     0.048     0.030
HRV     2011     1.482     0.714     0.510     0.174     0.050     0.034     1.447     0.705     0.500     0.168     0.046     0.029
HRV     2012     1.513     0.722     0.526     0.179     0.053     0.034     1.474     0.711     0.516     0.170     0.048     0.029
HRV     2013     1.457     0.688     0.508     0.178     0.050     0.033     1.417     0.677     0.497     0.170     0.045     0.028
HRV     2014     1.458     0.685     0.504     0.183     0.051     0.035     1.414     0.673     0.493     0.174     0.045     0.030
HRV     2015     1.400     0.649     0.498     0.173     0.048     0.032     1.360     0.638     0.486     0.165     0.043     0.028
HRV     2016     1.425     0.668     0.489     0.182     0.051     0.035     1.379     0.654     0.477     0.171     0.047     0.030
HRV     2017     1.419     0.658     0.491     0.183     0.051     0.036     1.371     0.645     0.477     0.173     0.046     0.031
HRV     2018     1.470     0.668     0.507     0.203     0.056     0.037     1.418     0.654     0.492     0.191     0.051     0.031
HRV     2019     1.467     0.676     0.492     0.200     0.058     0.041     1.412     0.660     0.476     0.187     0.053     0.035
HRV     2020     1.482     0.677     0.504     0.200     0.063     0.039     1.425     0.661     0.487     0.187     0.057     0.033
HUN     1952     2.469     0.956     0.676     0.347     0.187     0.303     2.382     0.949     0.668     0.337     0.178     0.250
HUN     1953     2.753     1.022     0.767     0.424     0.218     0.322     2.656     1.014     0.757     0.411     0.207     0.267
HUN     1954     2.975     1.047     0.870     0.466     0.245     0.347     2.878     1.040     0.859     0.453     0.234     0.292
HUN     1955     2.808     1.053     0.814     0.415     0.217     0.308     2.717     1.047     0.805     0.404     0.206     0.256
HUN     1956     2.603     1.022     0.753     0.372     0.193     0.264     2.532     1.016     0.745     0.362     0.184     0.224
HUN     1957     2.295     0.993     0.661     0.285     0.140     0.216     2.238     0.988     0.655     0.278     0.133     0.183
HUN     1958     2.186     0.963     0.650     0.262     0.124     0.188     2.138     0.958     0.644     0.256     0.119     0.161
HUN     1959     2.089     0.927     0.622     0.247     0.117     0.176     2.047     0.923     0.616     0.242     0.113     0.152
HUN     1960     2.024     0.896     0.595     0.255     0.112     0.165     1.986     0.893     0.590     0.250     0.108     0.144
HUN     1961     1.939     0.875     0.567     0.238     0.107     0.153     1.904     0.871     0.562     0.233     0.103     0.133
HUN     1962     1.795     0.815     0.524     0.216     0.100     0.141     1.763     0.811     0.521     0.212     0.096     0.123
HUN     1963     1.825     0.818     0.556     0.212     0.097     0.140     1.795     0.815     0.552     0.209     0.094     0.125
HUN     1964     1.822     0.860     0.546     0.198     0.090     0.127     1.794     0.857     0.543     0.194     0.087     0.113
HUN     1965     1.831     0.886     0.553     0.187     0.083     0.122     1.805     0.883     0.550     0.184     0.080     0.110
HUN     1966     1.899     0.924     0.596     0.178     0.081     0.120     1.874     0.921     0.593     0.174     0.077     0.108
HUN     1967     2.027     0.969     0.668     0.191     0.080     0.119     2.002     0.966     0.664     0.188     0.078     0.106
HUN     1968     2.081     0.981     0.713     0.194     0.078     0.114     2.057     0.979     0.709     0.190     0.076     0.103
HUN     1969     2.052     0.977     0.702     0.189     0.074     0.109     2.027     0.974     0.699     0.185     0.072     0.098
HUN     1970     1.989     0.946     0.687     0.184     0.070     0.101     1.966     0.943     0.684     0.181     0.067     0.091
HUN     1971     1.941     0.920     0.673     0.181     0.068     0.098     1.919     0.918     0.670     0.178     0.065     0.089
HUN     1972     1.940     0.912     0.687     0.180     0.066     0.095     1.918     0.909     0.684     0.177     0.063     0.085
HUN     1973     1.942     0.904     0.686     0.196     0.066     0.090     1.921     0.902     0.683     0.192     0.064     0.081
HUN     1974     2.288     0.970     0.894     0.256     0.076     0.093     2.265     0.967     0.891     0.252     0.072     0.082
HUN     1975     2.366     0.991     0.947     0.269     0.075     0.084     2.343     0.989     0.943     0.265     0.072     0.074
HUN     1976     2.250     0.996     0.871     0.242     0.068     0.073     2.229     0.994     0.867     0.239     0.065     0.064
HUN     1977     2.168     0.973     0.832     0.232     0.063     0.068     2.147     0.971     0.828     0.228     0.060     0.059
HUN     1978     2.078     0.960     0.793     0.210     0.057     0.058     2.061     0.958     0.789     0.207     0.055     0.051
HUN     1979     2.018     0.952     0.757     0.198     0.054     0.055     2.001     0.950     0.755     0.195     0.052     0.049
HUN     1980     1.915     0.909     0.715     0.187     0.052     0.051     1.899     0.907     0.712     0.185     0.050     0.045
HUN     1981     1.882     0.888     0.695     0.199     0.053     0.047     1.867     0.887     0.692     0.196     0.051     0.042
HUN     1982     1.806     0.864     0.663     0.185     0.051     0.043     1.792     0.863     0.660     0.182     0.049     0.038
HUN     1983     1.761     0.848     0.645     0.178     0.050     0.041     1.748     0.846     0.642     0.175     0.048     0.037
HUN     1984     1.774     0.866     0.643     0.174     0.050     0.041     1.762     0.864     0.641     0.171     0.048     0.038
HUN     1985     1.874     0.883     0.689     0.200     0.057     0.045     1.861     0.881     0.686     0.197     0.055     0.042
HUN     1986     1.869     0.853     0.704     0.207     0.060     0.045     1.855     0.851     0.701     0.204     0.058     0.042
HUN     1987     1.854     0.840     0.694     0.211     0.062     0.046     1.839     0.837     0.692     0.207     0.060     0.042
HUN     1988     1.846     0.834     0.680     0.220     0.063     0.049     1.831     0.832     0.678     0.216     0.060     0.045
HUN     1989     1.838     0.808     0.684     0.233     0.066     0.047     1.823     0.806     0.681     0.229     0.063     0.043
HUN     1990     1.868     0.820     0.683     0.247     0.068     0.049     1.853     0.819     0.681     0.242     0.066     0.045
HUN     1991     1.875     0.825     0.682     0.243     0.072     0.054     1.859     0.823     0.679     0.239     0.069     0.050
HUN     1992     1.776     0.768     0.641     0.237     0.074     0.055     1.759     0.767     0.638     0.233     0.072     0.051
HUN     1993     1.687     0.711     0.602     0.241     0.076     0.057     1.669     0.709     0.599     0.236     0.073     0.053
HUN     1994     1.642     0.679     0.566     0.257     0.079     0.060     1.624     0.677     0.563     0.251     0.076     0.057
HUN     1995     1.571     0.649     0.551     0.238     0.074     0.060     1.554     0.647     0.548     0.233     0.071     0.055
HUN     1996     1.458     0.623     0.498     0.206     0.070     0.061     1.441     0.621     0.496     0.201     0.067     0.057
HUN     1997     1.377     0.589     0.456     0.199     0.071     0.062     1.360     0.587     0.453     0.194     0.068     0.058
HUN     1998     1.327     0.575     0.441     0.187     0.065     0.057     1.310     0.573     0.438     0.183     0.062     0.053
HUN     1999     1.284     0.565     0.418     0.183     0.063     0.056     1.267     0.563     0.415     0.178     0.060     0.052
HUN     2000     1.321     0.583     0.428     0.189     0.064     0.057     1.303     0.581     0.424     0.184     0.061     0.053
HUN     2001     1.310     0.573     0.417     0.196     0.066     0.058     1.290     0.570     0.414     0.190     0.062     0.054
HUN     2002     1.303     0.582     0.416     0.184     0.064     0.057     1.282     0.579     0.412     0.178     0.061     0.052
HUN     2003     1.272     0.575     0.407     0.178     0.061     0.052     1.251     0.572     0.402     0.172     0.058     0.048
HUN     2004     1.276     0.596     0.401     0.171     0.058     0.051     1.253     0.593     0.396     0.164     0.055     0.046
HUN     2005     1.307     0.610     0.415     0.172     0.059     0.050     1.282     0.607     0.410     0.165     0.055     0.045
HUN     2006     1.340     0.620     0.435     0.175     0.061     0.049     1.315     0.616     0.430     0.168     0.056     0.044
HUN     2007     1.316     0.619     0.425     0.168     0.056     0.049     1.288     0.614     0.419     0.160     0.051     0.043
HUN     2008     1.348     0.639     0.430     0.169     0.060     0.050     1.318     0.634     0.423     0.161     0.055     0.045
HUN     2009     1.322     0.632     0.428     0.160     0.056     0.047     1.290     0.626     0.420     0.151     0.051     0.041
HUN     2010     1.250     0.608     0.397     0.147     0.052     0.046     1.217     0.602     0.388     0.139     0.047     0.040
HUN     2011     1.258     0.603     0.401     0.156     0.053     0.046     1.221     0.596     0.391     0.146     0.048     0.040
HUN     2012     1.338     0.642     0.426     0.168     0.054     0.048     1.299     0.633     0.416     0.159     0.049     0.043
HUN     2013     1.341     0.647     0.421     0.168     0.056     0.048     1.299     0.638     0.410     0.158     0.050     0.043
HUN     2014     1.412     0.679     0.445     0.181     0.058     0.050     1.367     0.669     0.433     0.169     0.052     0.045
HUN     2015     1.441     0.696     0.458     0.183     0.056     0.049     1.392     0.684     0.443     0.171     0.050     0.043
HUN     2016     1.496     0.726     0.479     0.190     0.054     0.047     1.444     0.713     0.463     0.178     0.049     0.041
HUN     2017     1.496     0.717     0.480     0.198     0.055     0.045     1.441     0.703     0.464     0.184     0.049     0.041
HUN     2018     1.487     0.708     0.485     0.195     0.054     0.045     1.430     0.692     0.467     0.181     0.049     0.040
HUN     2019     1.492     0.714     0.488     0.191     0.056     0.043     1.433     0.697     0.470     0.178     0.051     0.038
HUN     2020     1.563     0.743     0.502     0.209     0.064     0.045     1.501     0.724     0.483     0.195     0.058     0.041
IRL     1955     3.359     0.713     0.632     0.532     0.432     1.049     3.066     0.700     0.613     0.506     0.397     0.851
IRL     1956     3.371     0.711     0.637     0.540     0.430     1.052     3.084     0.696     0.620     0.517     0.397     0.856
IRL     1957     3.468     0.737     0.644     0.557     0.443     1.087     3.161     0.723     0.625     0.529     0.408     0.877
IRL     1958     3.455     0.727     0.661     0.555     0.443     1.068     3.165     0.714     0.642     0.529     0.410     0.870
IRL     1959     3.594     0.772     0.686     0.575     0.453     1.109     3.302     0.756     0.668     0.549     0.419     0.909
IRL     1960     3.752     0.802     0.697     0.613     0.486     1.153     3.450     0.790     0.681     0.587     0.452     0.940
IRL     1961     3.794     0.806     0.697     0.624     0.494     1.174     3.488     0.794     0.679     0.599     0.461     0.955
IRL     1962     3.955     0.857     0.727     0.651     0.504     1.215     3.640     0.844     0.710     0.628     0.470     0.988
IRL     1963     4.061     0.886     0.746     0.677     0.521     1.232     3.748     0.873     0.730     0.651     0.486     1.008
IRL     1964     4.117     0.885     0.781     0.687     0.534     1.230     3.795     0.872     0.765     0.662     0.499     0.997
IRL     1965     4.078     0.919     0.786     0.673     0.528     1.173     3.769     0.905     0.769     0.649     0.495     0.951
IRL     1966     3.976     0.900     0.775     0.660     0.505     1.137     3.679     0.887     0.759     0.637     0.472     0.924
IRL     1967     3.874     0.871     0.772     0.648     0.500     1.084     3.587     0.857     0.757     0.626     0.471     0.877
IRL     1968     3.791     0.905     0.755     0.630     0.489     1.011     3.527     0.894     0.740     0.609     0.459     0.825
IRL     1969     3.842     0.942     0.783     0.634     0.481     1.003     3.578     0.931     0.767     0.613     0.453     0.814
IRL     1970     3.863     0.940     0.803     0.656     0.487     0.977     3.616     0.926     0.789     0.638     0.460     0.803
IRL     1971     3.954     0.995     0.820     0.676     0.500     0.962     3.702     0.984     0.805     0.655     0.472     0.786
IRL     1972     3.865     1.001     0.835     0.659     0.471     0.899     3.627     0.989     0.821     0.639     0.446     0.731
IRL     1973     3.726     0.981     0.829     0.645     0.453     0.818     3.500     0.970     0.814     0.625     0.426     0.664
IRL     1974     3.597     0.945     0.812     0.641     0.445     0.754     3.376     0.932     0.797     0.620     0.418     0.607
IRL     1975     3.373     0.912     0.778     0.598     0.406     0.678     3.168     0.900     0.766     0.580     0.382     0.540
IRL     1976     3.285     0.873     0.777     0.611     0.413     0.611     3.090     0.860     0.762     0.591     0.389     0.488
IRL     1977     3.239     0.851     0.777     0.613     0.406     0.592     3.054     0.841     0.764     0.595     0.383     0.472
IRL     1978     3.207     0.843     0.754     0.614     0.414     0.582     3.036     0.832     0.743     0.598     0.393     0.470
IRL     1979     3.211     0.842     0.760     0.628     0.417     0.563     3.052     0.833     0.749     0.613     0.394     0.462
IRL     1980     3.203     0.853     0.751     0.625     0.414     0.560     3.047     0.846     0.741     0.610     0.394     0.456
IRL     1981     3.056     0.800     0.727     0.598     0.408     0.523     2.913     0.793     0.718     0.585     0.388     0.429
IRL     1982     2.949     0.773     0.705     0.570     0.391     0.510     2.812     0.765     0.696     0.558     0.372     0.422
IRL     1983     2.750     0.727     0.674     0.526     0.364     0.459     2.616     0.722     0.664     0.511     0.343     0.376
IRL     1984     2.586     0.716     0.640     0.489     0.325     0.417     2.469     0.711     0.633     0.476     0.306     0.342
IRL     1985     2.494     0.761     0.616     0.465     0.294     0.358     2.381     0.750     0.609     0.453     0.278     0.291
IRL     1986     2.446     0.768     0.598     0.450     0.289     0.342     2.338     0.759     0.590     0.440     0.272     0.278
IRL     1987     2.315     0.745     0.577     0.424     0.259     0.310     2.214     0.736     0.569     0.412     0.244     0.252
IRL     1988     2.171     0.727     0.564     0.388     0.228     0.264     2.080     0.718     0.557     0.378     0.214     0.214
IRL     1989     2.078     0.659     0.568     0.385     0.215     0.250     1.990     0.653     0.559     0.374     0.201     0.203
IRL     1990     2.111     0.687     0.591     0.401     0.211     0.220     2.030     0.682     0.583     0.391     0.198     0.178
IRL     1991     2.078     0.698     0.593     0.378     0.205     0.204     1.998     0.691     0.583     0.366     0.191     0.167
IRL     1992     1.991     0.680     0.569     0.368     0.192     0.182     1.916     0.674     0.560     0.357     0.178     0.147
IRL     1993     1.904     0.657     0.564     0.345     0.180     0.158     1.830     0.651     0.553     0.333     0.168     0.125
IRL     1994     1.846     0.642     0.557     0.341     0.162     0.143     1.780     0.636     0.550     0.329     0.150     0.115
IRL     1995     1.843     0.657     0.558     0.340     0.162     0.126     1.775     0.649     0.547     0.328     0.148     0.102
IRL     1996     1.883     0.699     0.567     0.344     0.154     0.120     1.823     0.692     0.557     0.332     0.143     0.098
IRL     1997     1.934     0.725     0.584     0.355     0.157     0.112     1.864     0.717     0.572     0.341     0.144     0.091
IRL     1998     1.941     0.750     0.591     0.348     0.153     0.099     1.872     0.741     0.577     0.333     0.140     0.081
IRL     1999     1.901     0.756     0.578     0.334     0.140     0.093     1.834     0.747     0.565     0.319     0.127     0.077
IRL     2000     1.888     0.751     0.575     0.334     0.140     0.088     1.820     0.741     0.560     0.318     0.128     0.072
IRL     2001     1.937     0.776     0.603     0.331     0.141     0.086     1.866     0.765     0.587     0.314     0.129     0.072
IRL     2002     1.968     0.784     0.619     0.346     0.138     0.082     1.895     0.772     0.601     0.328     0.125     0.068
IRL     2003     1.958     0.779     0.630     0.338     0.133     0.079     1.879     0.764     0.610     0.319     0.121     0.065
IRL     2004     1.929     0.763     0.625     0.336     0.132     0.072     1.847     0.748     0.604     0.318     0.119     0.058
IRL     2005     1.859     0.746     0.590     0.331     0.124     0.069     1.773     0.730     0.568     0.309     0.110     0.056
IRL     2006     1.910     0.782     0.607     0.328     0.124     0.070     1.817     0.763     0.581     0.307     0.111     0.056
IRL     2007     2.007     0.833     0.635     0.341     0.127     0.069     1.907     0.813     0.608     0.317     0.113     0.056
IRL     2008     2.059     0.861     0.650     0.346     0.133     0.069     1.955     0.840     0.621     0.322     0.117     0.056
IRL     2009     2.054     0.869     0.652     0.338     0.129     0.065     1.945     0.847     0.620     0.312     0.114     0.052
IRL     2010     2.047     0.857     0.671     0.335     0.121     0.062     1.935     0.832     0.638     0.308     0.106     0.051
IRL     2011     2.025     0.817     0.684     0.343     0.120     0.061     1.911     0.791     0.650     0.314     0.106     0.050
IRL     2012     1.982     0.787     0.683     0.337     0.115     0.059     1.864     0.761     0.646     0.310     0.100     0.047
IRL     2013     1.925     0.753     0.674     0.329     0.111     0.059     1.810     0.727     0.638     0.301     0.097     0.047
IRL     2014     1.892     0.743     0.652     0.328     0.112     0.057     1.775     0.716     0.614     0.301     0.098     0.046
IRL     2015     1.852     0.727     0.642     0.318     0.110     0.055     1.736     0.699     0.607     0.289     0.096     0.045
IRL     2016     1.807     0.706     0.631     0.314     0.104     0.052     1.687     0.677     0.591     0.286     0.090     0.042
IRL     2017     1.758     0.698     0.604     0.304     0.100     0.052     1.642     0.668     0.566     0.277     0.087     0.043
IRL     2018     1.742     0.696     0.600     0.292     0.101     0.053     1.621     0.666     0.559     0.265     0.088     0.044
IRL     2019     1.694     0.683     0.584     0.283     0.095     0.049     1.576     0.653     0.545     0.255     0.083     0.041
IRL     2020     1.627     0.661     0.560     0.269     0.089     0.048     1.512     0.633     0.521     0.244     0.077     0.039
IRL     2021     1.721     0.690     0.594     0.296     0.092     0.048     1.601     0.661     0.553     0.268     0.081     0.039
IRL     2022     1.534     0.639     0.522     0.248     0.081     0.044     1.422     0.608     0.484     0.222     0.070     0.037
ISL     1990     2.309     0.824     0.704     0.517     0.202     0.062     2.274     0.821     0.696     0.507     0.195     0.054
ISL     1991     2.187     0.778     0.662     0.490     0.194     0.063     2.137     0.776     0.656     0.477     0.181     0.047
ISL     1992     2.211     0.804     0.678     0.483     0.180     0.066     2.161     0.800     0.673     0.472     0.163     0.052
ISL     1993     2.222     0.778     0.726     0.472     0.181     0.065     2.163     0.775     0.718     0.457     0.164     0.049
ISL     1994     2.142     0.772     0.675     0.484     0.155     0.055     2.092     0.767     0.666     0.467     0.146     0.045
ISL     1995     2.078     0.776     0.644     0.469     0.139     0.050     2.034     0.769     0.635     0.455     0.133     0.042
ISL     1996     2.119     0.756     0.729     0.433     0.152     0.049     2.075     0.754     0.717     0.421     0.143     0.040
ISL     1997     2.036     0.798     0.652     0.403     0.145     0.039     1.988     0.789     0.644     0.387     0.136     0.031
ISL     1998     2.046     0.782     0.691     0.387     0.139     0.046     1.992     0.776     0.677     0.378     0.125     0.037
ISL     1999     1.993     0.773     0.669     0.387     0.124     0.040     1.952     0.770     0.658     0.376     0.113     0.034
ISL     2000     2.078     0.847     0.671     0.403     0.126     0.031     2.025     0.843     0.657     0.387     0.115     0.023
ISL     2001     1.952     0.794     0.633     0.375     0.115     0.034     1.901     0.790     0.624     0.360     0.102     0.026
ISL     2002     1.934     0.746     0.692     0.350     0.116     0.031     1.881     0.738     0.681     0.332     0.104     0.025
ISL     2003     1.990     0.792     0.692     0.372     0.103     0.031     1.930     0.785     0.678     0.357     0.089     0.022
ISL     2004     2.039     0.775     0.738     0.397     0.106     0.024     1.981     0.768     0.725     0.377     0.093     0.019
ISL     2005     2.048     0.792     0.736     0.387     0.100     0.033     1.991     0.786     0.720     0.369     0.090     0.025
ISL     2006     2.079     0.834     0.722     0.396     0.095     0.032     2.022     0.827     0.707     0.381     0.085     0.023
ISL     2007     2.088     0.831     0.728     0.394     0.108     0.026     2.032     0.822     0.713     0.378     0.097     0.022
ISL     2008     2.154     0.848     0.751     0.413     0.112     0.029     2.080     0.840     0.728     0.391     0.100     0.021
ISL     2009     2.228     0.874     0.753     0.451     0.124     0.027     2.148     0.860     0.732     0.426     0.111     0.020
ISL     2010     2.242     0.861     0.746     0.486     0.125     0.024     2.167     0.851     0.726     0.458     0.112     0.020
ISL     2011     2.090     0.786     0.728     0.445     0.105     0.026     2.010     0.770     0.711     0.420     0.092     0.017
ISL     2012     2.108     0.824     0.722     0.421     0.109     0.032     2.030     0.813     0.703     0.392     0.096     0.026
ISL     2013     1.999     0.771     0.686     0.400     0.110     0.033     1.915     0.754     0.666     0.374     0.095     0.026
ISL     2014     1.994     0.785     0.724     0.366     0.091     0.028     1.922     0.769     0.708     0.343     0.080     0.022
ISL     2015     1.860     0.721     0.662     0.355     0.090     0.032     1.789     0.710     0.640     0.335     0.079     0.024
ISL     2016     1.801     0.684     0.635     0.358     0.094     0.031     1.717     0.668     0.611     0.334     0.080     0.023
ISL     2017     1.758     0.715     0.609     0.340     0.074     0.021     1.683     0.700     0.588     0.314     0.064     0.016
ISL     2018     1.757     0.774     0.584     0.311     0.068     0.020     1.684     0.754     0.565     0.292     0.055     0.018
ISL     2019     1.806     0.813     0.604     0.293     0.073     0.022     1.715     0.790     0.577     0.271     0.062     0.015
ISL     2020     1.793     0.839     0.601     0.269     0.065     0.018     1.712     0.817     0.574     0.251     0.056     0.014
ISL     2021     1.905     0.760     0.683     0.332     0.094     0.036     1.822     0.747     0.656     0.310     0.078     0.030
ISL     2022     1.671     0.697     0.592     0.283     0.075     0.024     1.594     0.677     0.569     0.264     0.066     0.018
ISL     2023     1.594     0.675     0.603     0.235     0.054     0.026     1.526     0.657     0.579     0.221     0.048     0.022
ITA     2004     1.338     0.711     0.488     0.116     0.020     0.003     1.287     0.693     0.466     0.107     0.018     0.003
ITA     2005     1.332     0.715     0.477     0.117     0.020     0.003     1.277     0.695     0.454     0.107     0.017     0.003
ITA     2006     1.366     0.728     0.490     0.123     0.021     0.004     1.307     0.707     0.466     0.112     0.019     0.003
ITA     2007     1.391     0.720     0.504     0.134     0.027     0.006     1.328     0.697     0.478     0.123     0.024     0.005
ITA     2008     1.436     0.742     0.522     0.137     0.028     0.006     1.369     0.717     0.495     0.125     0.026     0.006
ITA     2009     1.436     0.747     0.515     0.138     0.029     0.006     1.364     0.721     0.486     0.126     0.026     0.006
ITA     2010     1.439     0.738     0.523     0.141     0.030     0.007     1.365     0.710     0.492     0.129     0.028     0.006
ITA     2011     1.423     0.727     0.516     0.141     0.031     0.008     1.346     0.698     0.484     0.128     0.028     0.007
ITA     2012     1.417     0.716     0.517     0.142     0.032     0.010     1.337     0.685     0.484     0.129     0.029     0.009
ITA     2013     1.388     0.696     0.510     0.140     0.032     0.011     1.306     0.664     0.476     0.127     0.029     0.010
ITA     2014     1.385     0.689     0.510     0.142     0.032     0.011     1.302     0.657     0.476     0.130     0.029     0.010
ITA     2015     1.366     0.663     0.514     0.145     0.033     0.011     1.281     0.631     0.478     0.133     0.030     0.010
ITA     2016     1.358     0.664     0.506     0.143     0.033     0.011     1.271     0.629     0.471     0.130     0.030     0.010
ITA     2017     1.338     0.637     0.506     0.147     0.035     0.014     1.249     0.602     0.469     0.133     0.032     0.013
ITA     2018     1.307     0.618     0.497     0.144     0.034     0.013     1.216     0.584     0.459     0.131     0.031     0.012
ITA     2019     1.268     0.612     0.476     0.135     0.033     0.012     1.179     0.577     0.440     0.122     0.029     0.011
ITA     2020     1.245     0.598     0.467     0.134     0.033     0.013     1.157     0.563     0.432     0.121     0.030     0.012
ITA     2021     1.253     0.590     0.479     0.138     0.033     0.013     1.163     0.555     0.442     0.125     0.030     0.011
ITA     2022     1.243     0.615     0.453     0.132     0.032     0.012     1.150     0.576     0.417     0.119     0.028     0.011
JPN     1968     2.139     0.968     0.846     0.257     0.047     0.021     2.124     0.965     0.843     0.254     0.045     0.017
JPN     1969     2.135     0.946     0.847     0.275     0.048     0.020     2.121     0.942     0.844     0.272     0.047     0.016
JPN     1970     2.144     0.948     0.847     0.284     0.047     0.019     2.130     0.944     0.843     0.281     0.046     0.016
JPN     1971     2.169     0.937     0.868     0.298     0.049     0.018     2.155     0.933     0.864     0.295     0.047     0.015
JPN     1972     2.155     0.942     0.843     0.303     0.049     0.018     2.141     0.939     0.840     0.300     0.047     0.015
JPN     1973     2.149     0.931     0.836     0.312     0.051     0.019     2.135     0.928     0.832     0.309     0.050     0.016
JPN     1974     2.052     0.907     0.798     0.285     0.046     0.017     2.040     0.904     0.795     0.282     0.044     0.014
JPN     1975     1.909     0.859     0.762     0.237     0.037     0.015     1.898     0.856     0.760     0.234     0.036     0.012
JPN     1976     1.847     0.823     0.748     0.227     0.035     0.014     1.836     0.821     0.745     0.225     0.033     0.012
JPN     1977     1.791     0.787     0.734     0.226     0.033     0.012     1.781     0.784     0.731     0.224     0.032     0.011
JPN     1978     1.779     0.779     0.728     0.229     0.032     0.011     1.770     0.777     0.726     0.227     0.030     0.010
JPN     1979     1.755     0.776     0.708     0.231     0.031     0.010     1.747     0.774     0.705     0.229     0.030     0.009
JPN     1980     1.734     0.781     0.685     0.228     0.030     0.010     1.726     0.779     0.683     0.227     0.029     0.008
JPN     1981     1.729     0.788     0.673     0.228     0.031     0.009     1.720     0.786     0.671     0.227     0.030     0.008
JPN     1982     1.757     0.794     0.684     0.237     0.032     0.009     1.748     0.792     0.682     0.235     0.031     0.008
JPN     1983     1.790     0.807     0.692     0.247     0.034     0.009     1.781     0.805     0.690     0.245     0.033     0.008
JPN     1984     1.801     0.797     0.701     0.258     0.036     0.010     1.792     0.795     0.698     0.256     0.035     0.008
JPN     1985     1.758     0.761     0.692     0.261     0.036     0.009     1.749     0.759     0.689     0.258     0.034     0.008
JPN     1986     1.720     0.743     0.673     0.259     0.036     0.009     1.710     0.741     0.670     0.257     0.035     0.008
JPN     1987     1.691     0.724     0.661     0.261     0.036     0.009     1.681     0.722     0.658     0.259     0.034     0.007
JPN     1988     1.659     0.703     0.647     0.263     0.037     0.009     1.648     0.700     0.644     0.260     0.036     0.008
JPN     1989     1.577     0.675     0.606     0.251     0.037     0.008     1.566     0.672     0.603     0.248     0.035     0.007
JPN     1990     1.544     0.665     0.587     0.246     0.038     0.008     1.532     0.663     0.584     0.243     0.036     0.007
JPN     1991     1.538     0.683     0.573     0.237     0.037     0.008     1.526     0.680     0.570     0.234     0.035     0.007
JPN     1992     1.507     0.679     0.558     0.225     0.036     0.008     1.494     0.676     0.554     0.222     0.035     0.007
JPN     1993     1.465     0.671     0.540     0.212     0.035     0.008     1.452     0.668     0.536     0.208     0.033     0.007
JPN     1994     1.508     0.698     0.552     0.212     0.036     0.009     1.493     0.695     0.548     0.208     0.034     0.008
JPN     1995     1.426     0.663     0.522     0.197     0.035     0.009     1.411     0.659     0.517     0.194     0.033     0.008
JPN     1996     1.430     0.662     0.534     0.192     0.034     0.009     1.415     0.658     0.529     0.189     0.031     0.008
JPN     1997     1.394     0.652     0.517     0.184     0.032     0.009     1.378     0.648     0.512     0.180     0.030     0.007
JPN     1998     1.392     0.661     0.512     0.179     0.031     0.008     1.375     0.657     0.507     0.175     0.029     0.007
JPN     1999     1.352     0.655     0.492     0.167     0.029     0.008     1.334     0.650     0.486     0.163     0.027     0.007
JPN     2000     1.362     0.662     0.496     0.165     0.030     0.008     1.342     0.657     0.490     0.161     0.027     0.007
JPN     2001     1.339     0.657     0.486     0.159     0.029     0.008     1.318     0.651     0.479     0.155     0.026     0.007
JPN     2002     1.324     0.661     0.477     0.151     0.027     0.008     1.302     0.655     0.470     0.146     0.025     0.007
JPN     2003     1.297     0.641     0.476     0.145     0.026     0.008     1.274     0.634     0.469     0.140     0.024     0.007
JPN     2004     1.295     0.640     0.479     0.143     0.026     0.008     1.270     0.632     0.470     0.138     0.024     0.006
JPN     2005     1.256     0.621     0.463     0.139     0.025     0.007     1.230     0.613     0.454     0.134     0.023     0.006
JPN     2006     1.310     0.648     0.479     0.148     0.026     0.008     1.282     0.639     0.470     0.143     0.024     0.006
JPN     2007     1.326     0.654     0.480     0.156     0.028     0.008     1.295     0.644     0.470     0.150     0.025     0.007
JPN     2008     1.352     0.665     0.487     0.162     0.030     0.009     1.319     0.654     0.476     0.155     0.027     0.007
JPN     2009     1.351     0.671     0.482     0.160     0.030     0.009     1.315     0.659     0.469     0.153     0.027     0.007
JPN     2010     1.380     0.680     0.493     0.166     0.032     0.010     1.340     0.666     0.479     0.158     0.029     0.008
JPN     2011     1.384     0.674     0.496     0.170     0.033     0.010     1.341     0.659     0.480     0.163     0.030     0.008
JPN     2012     1.393     0.673     0.505     0.172     0.034     0.010     1.347     0.656     0.488     0.164     0.031     0.009
JPN     2013     1.413     0.681     0.512     0.174     0.035     0.011     1.363     0.662     0.493     0.166     0.032     0.009
JPN     2014     1.407     0.685     0.503     0.174     0.035     0.011     1.354     0.664     0.483     0.166     0.032     0.009
JPN     2015     1.441     0.704     0.512     0.178     0.035     0.011     1.384     0.682     0.491     0.169     0.032     0.009
JPN     2016     1.430     0.692     0.512     0.178     0.036     0.011     1.371     0.669     0.490     0.168     0.033     0.010
JPN     2017     1.413     0.674     0.513     0.177     0.037     0.012     1.353     0.651     0.490     0.167     0.034     0.010
JPN     2018     1.399     0.667     0.507     0.176     0.037     0.012     1.337     0.644     0.483     0.166     0.034     0.010
JPN     2019     1.342     0.637     0.483     0.172     0.037     0.013     1.280     0.615     0.459     0.161     0.034     0.011
JPN     2020     1.325     0.633     0.474     0.169     0.037     0.013     1.263     0.611     0.450     0.158     0.034     0.011
JPN     2021     1.298     0.608     0.467     0.171     0.039     0.014     1.232     0.585     0.441     0.159     0.035     0.012
JPN     2022     1.252     0.588     0.454     0.160     0.037     0.014     1.187     0.566     0.429     0.149     0.033     0.011
JPN     2023     1.197     0.566     0.435     0.148     0.034     0.013     1.132     0.543     0.410     0.137     0.030     0.011
JPN     2024     1.143     0.544     0.412     0.141     0.033     0.013     1.081     0.523     0.388     0.130     0.029     0.011
KOR     2000     1.480     0.710     0.616     0.139     0.013     0.003     1.466     0.705     0.612     0.135     0.012     0.002
KOR     2001     1.309     0.637     0.542     0.117     0.011     0.002     1.295     0.632     0.538     0.113     0.010     0.002
KOR     2002     1.177     0.588     0.475     0.103     0.010     0.002     1.164     0.584     0.471     0.099     0.009     0.001
KOR     2003     1.191     0.606     0.475     0.097     0.010     0.002     1.176     0.601     0.471     0.094     0.009     0.001
KOR     2004     1.164     0.610     0.446     0.096     0.010     0.002     1.149     0.605     0.442     0.092     0.008     0.001
KOR     2005     1.085     0.576     0.410     0.088     0.009     0.002     1.070     0.571     0.406     0.084     0.008     0.001
KOR     2006     1.131     0.603     0.427     0.091     0.009     0.002     1.117     0.598     0.423     0.086     0.008     0.001
KOR     2007     1.258     0.687     0.459     0.100     0.010     0.002     1.241     0.681     0.454     0.095     0.009     0.001
KOR     2008     1.191     0.635     0.448     0.096     0.010     0.002     1.174     0.630     0.443     0.092     0.009     0.001
KOR     2009     1.147     0.607     0.437     0.091     0.010     0.002     1.129     0.601     0.431     0.086     0.009     0.002
KOR     2010     1.223     0.627     0.471     0.110     0.013     0.003     1.202     0.621     0.464     0.104     0.011     0.002
KOR     2011     1.241     0.644     0.466     0.116     0.013     0.002     1.218     0.637     0.458     0.109     0.011     0.002
KOR     2012     1.294     0.680     0.484     0.114     0.013     0.003     1.268     0.672     0.475     0.107     0.011     0.002
KOR     2013     1.185     0.626     0.441     0.103     0.012     0.003     1.160     0.618     0.432     0.097     0.010     0.002
KOR     2014     1.204     0.641     0.447     0.101     0.012     0.002     1.177     0.633     0.437     0.095     0.010     0.002
KOR     2015     1.238     0.666     0.458     0.099     0.012     0.002     1.208     0.656     0.447     0.093     0.010     0.002
KOR     2016     1.172     0.633     0.431     0.095     0.011     0.002     1.140     0.622     0.419     0.088     0.009     0.002
KOR     2017     1.052     0.569     0.387     0.084     0.010     0.002     1.020     0.556     0.375     0.078     0.009     0.002
KOR     2018     0.978     0.543     0.354     0.072     0.007     0.002     0.944     0.529     0.342     0.066     0.005     0.001
KOR     2019     0.919     0.520     0.325     0.064     0.008     0.002     0.883     0.504     0.313     0.058     0.006     0.001
KOR     2020     0.838     0.479     0.292     0.057     0.007     0.002     0.802     0.464     0.279     0.052     0.006     0.001
KOR     2021     0.809     0.454     0.286     0.058     0.008     0.002     0.771     0.439     0.272     0.052     0.007     0.002
KOR     2022     0.779     0.455     0.263     0.052     0.007     0.002     0.739     0.437     0.248     0.046     0.006     0.002
KOR     2023     0.722     0.434     0.234     0.044     0.007     0.002     0.681     0.416     0.220     0.039     0.006     0.001
LTU     1970     2.407     1.123     0.772     0.282     0.116     0.114     2.327     1.112     0.756     0.266     0.103     0.089
LTU     1971     2.426     1.114     0.805     0.283     0.113     0.111     2.344     1.102     0.787     0.266     0.101     0.088
LTU     1972     2.355     1.064     0.798     0.280     0.110     0.104     2.276     1.053     0.779     0.262     0.099     0.082
LTU     1973     2.228     1.004     0.769     0.258     0.099     0.099     2.158     0.996     0.755     0.243     0.088     0.077
LTU     1974     2.212     0.996     0.774     0.248     0.097     0.097     2.148     0.989     0.760     0.235     0.087     0.077
LTU     1975     2.181     0.983     0.764     0.250     0.092     0.092     2.120     0.975     0.752     0.237     0.083     0.073
LTU     1976     2.174     0.975     0.771     0.244     0.094     0.091     2.113     0.968     0.758     0.230     0.084     0.073
LTU     1977     2.134     0.960     0.758     0.245     0.085     0.086     2.079     0.953     0.746     0.233     0.077     0.070
LTU     1978     2.082     0.962     0.735     0.222     0.082     0.082     2.027     0.954     0.723     0.210     0.074     0.066
LTU     1979     2.047     0.951     0.724     0.215     0.079     0.078     1.993     0.944     0.712     0.203     0.072     0.063
LTU     1980     1.994     0.940     0.704     0.204     0.072     0.073     1.948     0.935     0.693     0.194     0.066     0.060
LTU     1981     1.986     0.930     0.707     0.207     0.071     0.070     1.935     0.923     0.696     0.195     0.064     0.057
LTU     1982     1.979     0.910     0.706     0.218     0.074     0.071     1.928     0.904     0.696     0.205     0.066     0.058
LTU     1983     2.111     0.935     0.799     0.227     0.078     0.072     2.063     0.928     0.788     0.217     0.071     0.058
LTU     1984     2.079     0.940     0.765     0.229     0.075     0.070     2.033     0.934     0.755     0.218     0.069     0.058
LTU     1985     2.084     0.969     0.760     0.223     0.069     0.063     2.041     0.963     0.751     0.213     0.063     0.051
LTU     1986     2.121     0.975     0.783     0.229     0.069     0.064     2.078     0.970     0.774     0.218     0.064     0.052
LTU     1987     2.105     0.992     0.762     0.222     0.071     0.059     2.062     0.985     0.752     0.211     0.065     0.048
LTU     1988     2.013     0.973     0.729     0.199     0.059     0.053     1.982     0.968     0.722     0.192     0.054     0.045
LTU     1989     1.983     0.974     0.708     0.195     0.058     0.048     1.956     0.970     0.702     0.188     0.054     0.042
LTU     1990     2.026     0.987     0.720     0.215     0.060     0.044     1.999     0.982     0.715     0.208     0.056     0.037
LTU     1991     2.007     1.010     0.689     0.208     0.058     0.043     1.983     1.006     0.684     0.202     0.054     0.037
LTU     1992     1.969     0.994     0.669     0.205     0.060     0.041     1.945     0.990     0.664     0.199     0.056     0.036
LTU     1993     1.740     0.879     0.599     0.172     0.052     0.038     1.715     0.875     0.594     0.166     0.048     0.032
LTU     1994     1.575     0.806     0.535     0.152     0.049     0.034     1.558     0.804     0.531     0.147     0.046     0.030
LTU     1995     1.552     0.793     0.532     0.146     0.047     0.035     1.534     0.789     0.528     0.142     0.044     0.030
LTU     1996     1.495     0.751     0.520     0.144     0.044     0.037     1.475     0.748     0.516     0.139     0.041     0.032
LTU     1997     1.469     0.725     0.513     0.145     0.047     0.038     1.451     0.722     0.510     0.140     0.044     0.034
LTU     1998     1.460     0.695     0.519     0.154     0.051     0.041     1.440     0.692     0.516     0.148     0.048     0.037
LTU     1999     1.462     0.694     0.507     0.164     0.054     0.042     1.440     0.692     0.502     0.159     0.050     0.037
LTU     2000     1.391     0.666     0.472     0.157     0.053     0.043     1.369     0.663     0.468     0.151     0.049     0.038
LTU     2001     1.288     0.616     0.441     0.139     0.049     0.043     1.266     0.613     0.436     0.134     0.045     0.037
LTU     2002     1.234     0.606     0.418     0.126     0.045     0.040     1.213     0.602     0.414     0.121     0.042     0.034
LTU     2003     1.264     0.618     0.424     0.135     0.045     0.041     1.243     0.616     0.421     0.129     0.041     0.036
LTU     2004     1.275     0.634     0.429     0.128     0.043     0.040     1.253     0.632     0.424     0.121     0.040     0.036
LTU     2005     1.294     0.631     0.446     0.131     0.045     0.040     1.271     0.629     0.441     0.124     0.041     0.035
LTU     2006     1.326     0.667     0.457     0.126     0.035     0.040     1.301     0.664     0.451     0.119     0.032     0.035
LTU     2007     1.361     0.697     0.465     0.129     0.039     0.031     1.338     0.694     0.458     0.123     0.035     0.027
LTU     2008     1.448     0.731     0.513     0.135     0.037     0.033     1.421     0.727     0.505     0.127     0.033     0.029
LTU     2009     1.503     0.732     0.550     0.150     0.037     0.034     1.475     0.729     0.542     0.141     0.034     0.029
LTU     2010     1.501     0.690     0.582     0.157     0.038     0.033     1.471     0.686     0.574     0.149     0.034     0.028
LTU     2011     1.551     0.710     0.604     0.164     0.041     0.031     1.520     0.707     0.595     0.155     0.037     0.026
LTU     2012     1.595     0.736     0.609     0.176     0.041     0.033     1.561     0.732     0.599     0.165     0.036     0.028
LTU     2013     1.585     0.752     0.594     0.169     0.039     0.031     1.547     0.746     0.584     0.158     0.035     0.025
LTU     2014     1.626     0.765     0.609     0.177     0.042     0.033     1.586     0.759     0.597     0.164     0.037     0.029
LTU     2015     1.702     0.797     0.646     0.184     0.044     0.030     1.660     0.791     0.632     0.172     0.039     0.025
LTU     2016     1.688     0.787     0.639     0.188     0.044     0.029     1.643     0.780     0.626     0.173     0.039     0.024
LTU     2017     1.629     0.754     0.621     0.184     0.042     0.028     1.581     0.747     0.607     0.169     0.036     0.022
LTU     2018     1.632     0.728     0.648     0.190     0.041     0.025     1.581     0.720     0.632     0.173     0.035     0.021
LTU     2019     1.605     0.742     0.616     0.184     0.039     0.023     1.551     0.732     0.600     0.169     0.033     0.017
LTU     2020     1.479     0.669     0.569     0.180     0.039     0.022     1.424     0.659     0.550     0.164     0.034     0.017
NLD     1950     3.097     0.804     0.743     0.531     0.348     0.671     2.846     0.793     0.724     0.505     0.318     0.506
NLD     1951     3.050     0.824     0.717     0.515     0.344     0.650     2.811     0.814     0.699     0.490     0.316     0.492
NLD     1952     3.087     0.873     0.717     0.509     0.344     0.644     2.849     0.863     0.700     0.484     0.316     0.486
NLD     1953     3.032     0.850     0.726     0.501     0.334     0.621     2.803     0.841     0.709     0.477     0.306     0.470
NLD     1954     3.029     0.859     0.740     0.495     0.325     0.610     2.809     0.851     0.725     0.473     0.298     0.462
NLD     1955     3.033     0.886     0.739     0.499     0.325     0.584     2.821     0.878     0.725     0.477     0.297     0.443
NLD     1956     3.053     0.908     0.757     0.492     0.318     0.579     2.847     0.900     0.744     0.470     0.292     0.441
NLD     1957     3.080     0.941     0.776     0.497     0.312     0.554     2.880     0.933     0.763     0.477     0.285     0.422
NLD     1958     3.107     0.969     0.794     0.499     0.308     0.537     2.918     0.963     0.782     0.479     0.284     0.411
NLD     1959     3.171     0.987     0.839     0.511     0.308     0.525     2.983     0.980     0.827     0.491     0.283     0.401
NLD     1960     3.122     0.959     0.845     0.521     0.300     0.497     2.945     0.951     0.834     0.501     0.276     0.383
NLD     1961     3.217     0.990     0.875     0.548     0.316     0.489     3.046     0.983     0.864     0.530     0.291     0.378
NLD     1962     3.175     0.994     0.868     0.543     0.308     0.462     3.015     0.988     0.857     0.524     0.286     0.360
NLD     1963     3.192     0.994     0.890     0.551     0.312     0.445     3.038     0.988     0.879     0.534     0.290     0.347
NLD     1964     3.165     1.003     0.891     0.556     0.306     0.409     3.021     0.997     0.880     0.538     0.284     0.321
NLD     1965     3.038     1.009     0.873     0.523     0.280     0.353     2.908     1.003     0.863     0.506     0.260     0.276
NLD     1966     2.901     1.006     0.863     0.489     0.249     0.293     2.785     1.000     0.853     0.473     0.231     0.228
NLD     1967     2.812     1.012     0.861     0.461     0.226     0.253     2.707     1.006     0.851     0.446     0.208     0.196
NLD     1968     2.713     0.983     0.860     0.441     0.210     0.219     2.623     0.977     0.852     0.428     0.195     0.171
NLD     1969     2.746     0.969     0.896     0.463     0.208     0.209     2.660     0.964     0.888     0.450     0.194     0.164
NLD     1970     2.570     0.905     0.862     0.438     0.186     0.180     2.494     0.899     0.854     0.426     0.173     0.141
NLD     1971     2.360     0.871     0.804     0.383     0.157     0.144     2.296     0.866     0.797     0.374     0.147     0.112
NLD     1972     2.149     0.843     0.762     0.316     0.122     0.106     2.101     0.839     0.755     0.308     0.115     0.083
NLD     1973     1.903     0.779     0.703     0.249     0.091     0.081     1.865     0.775     0.698     0.244     0.085     0.064
NLD     1974     1.773     0.742     0.683     0.216     0.071     0.061     1.742     0.739     0.678     0.212     0.066     0.047
NLD     1975     1.664     0.708     0.650     0.193     0.061     0.051     1.639     0.706     0.646     0.190     0.058     0.040
NLD     1976     1.632     0.689     0.645     0.193     0.058     0.048     1.609     0.686     0.641     0.190     0.054     0.037
NLD     1977     1.580     0.663     0.625     0.192     0.056     0.044     1.558     0.660     0.622     0.189     0.052     0.035
NLD     1978     1.584     0.666     0.620     0.201     0.054     0.041     1.565     0.664     0.618     0.199     0.052     0.033
NLD     1979     1.563     0.669     0.592     0.206     0.055     0.042     1.546     0.666     0.590     0.203     0.053     0.034
NLD     1980     1.603     0.680     0.594     0.223     0.061     0.045     1.584     0.678     0.591     0.221     0.058     0.036
NLD     1981     1.564     0.658     0.574     0.223     0.063     0.045     1.545     0.656     0.571     0.221     0.061     0.036
NLD     1982     1.496     0.628     0.544     0.215     0.063     0.045     1.477     0.626     0.541     0.212     0.060     0.037
NLD     1983     1.468     0.633     0.524     0.206     0.061     0.045     1.450     0.631     0.522     0.203     0.058     0.037
NLD     1984     1.492     0.657     0.521     0.208     0.062     0.044     1.474     0.655     0.518     0.206     0.059     0.036
NLD     1985     1.512     0.655     0.537     0.212     0.063     0.044     1.494     0.653     0.535     0.209     0.061     0.037
NLD     1986     1.553     0.667     0.558     0.219     0.064     0.045     1.535     0.665     0.555     0.217     0.061     0.037
NLD     1987     1.558     0.673     0.556     0.219     0.065     0.045     1.540     0.670     0.553     0.216     0.063     0.038
NLD     1988     1.545     0.681     0.540     0.215     0.063     0.046     1.527     0.678     0.537     0.213     0.061     0.038
NLD     1989     1.554     0.681     0.545     0.219     0.065     0.044     1.534     0.678     0.541     0.216     0.063     0.037
NLD     1990     1.617     0.724     0.556     0.227     0.066     0.045     1.596     0.720     0.552     0.224     0.063     0.037
NLD     1991     1.612     0.727     0.557     0.221     0.064     0.043     1.589     0.722     0.552     0.217     0.061     0.036
NLD     1992     1.587     0.702     0.559     0.219     0.064     0.043     1.563     0.697     0.554     0.215     0.062     0.036
NLD     1993     1.572     0.700     0.560     0.212     0.062     0.038     1.547     0.695     0.554     0.207     0.059     0.032
NLD     1994     1.569     0.703     0.555     0.212     0.061     0.038     1.543     0.697     0.548     0.208     0.058     0.032
NLD     1995     1.531     0.691     0.554     0.198     0.056     0.033     1.506     0.685     0.547     0.193     0.053     0.027
NLD     1996     1.529     0.702     0.545     0.195     0.054     0.032     1.502     0.696     0.537     0.191     0.051     0.027
NLD     1997     1.562     0.739     0.546     0.192     0.054     0.031     1.534     0.732     0.538     0.186     0.051     0.026
NLD     1998     1.628     0.783     0.562     0.198     0.054     0.031     1.598     0.775     0.553     0.193     0.051     0.026
NLD     1999     1.652     0.794     0.577     0.198     0.056     0.027     1.620     0.786     0.568     0.192     0.053     0.022
NLD     2000     1.722     0.826     0.604     0.205     0.063     0.024     1.689     0.819     0.594     0.199     0.058     0.019
NLD     2001     1.710     0.820     0.606     0.200     0.054     0.029     1.675     0.812     0.595     0.194     0.050     0.024
NLD     2002     1.731     0.822     0.622     0.206     0.054     0.027     1.696     0.813     0.611     0.199     0.050     0.022
NLD     2003     1.747     0.828     0.630     0.209     0.053     0.027     1.711     0.819     0.619     0.202     0.049     0.022
NLD     2004     1.726     0.819     0.623     0.206     0.052     0.026     1.688     0.809     0.611     0.198     0.048     0.021
NLD     2005     1.709     0.802     0.623     0.206     0.052     0.026     1.670     0.792     0.611     0.199     0.048     0.021
NLD     2006     1.721     0.797     0.635     0.209     0.054     0.026     1.682     0.787     0.622     0.202     0.050     0.021
NLD     2007     1.718     0.799     0.627     0.212     0.055     0.025     1.678     0.789     0.614     0.204     0.050     0.020
NLD     2008     1.774     0.819     0.651     0.223     0.056     0.025     1.731     0.808     0.637     0.214     0.052     0.020
NLD     2009     1.791     0.839     0.645     0.224     0.057     0.025     1.746     0.827     0.631     0.215     0.052     0.020
NLD     2010     1.796     0.841     0.647     0.226     0.057     0.025     1.749     0.828     0.632     0.216     0.053     0.021
NLD     2011     1.760     0.821     0.640     0.217     0.056     0.026     1.712     0.808     0.624     0.208     0.051     0.021
NLD     2012     1.723     0.801     0.631     0.211     0.055     0.025     1.676     0.787     0.616     0.202     0.050     0.020
NLD     2013     1.679     0.778     0.618     0.205     0.054     0.024     1.633     0.764     0.603     0.196     0.050     0.020
NLD     2014     1.713     0.787     0.628     0.214     0.057     0.027     1.661     0.772     0.611     0.204     0.052     0.022
NLD     2015     1.658     0.752     0.613     0.211     0.056     0.026     1.608     0.737     0.596     0.202     0.051     0.022
NLD     2016     1.663     0.749     0.612     0.217     0.058     0.027     1.608     0.733     0.594     0.207     0.053     0.022
NLD     2017     1.619     0.724     0.596     0.213     0.058     0.028     1.563     0.708     0.577     0.202     0.052     0.023
NLD     2018     1.586     0.706     0.583     0.211     0.058     0.028     1.528     0.690     0.563     0.200     0.052     0.023
NLD     2019     1.574     0.712     0.569     0.208     0.057     0.028     1.514     0.695     0.549     0.197     0.051     0.022
NLD     2020     1.545     0.699     0.563     0.200     0.056     0.028     1.485     0.682     0.543     0.188     0.050     0.022
NLD     2021     1.624     0.735     0.590     0.213     0.058     0.028     1.560     0.717     0.568     0.200     0.052     0.023
NLD     2022     1.487     0.691     0.525     0.190     0.053     0.028     1.426     0.674     0.505     0.178     0.047     0.022
NLD     2023     1.430     0.656     0.521     0.176     0.051     0.026     1.369     0.638     0.501     0.165     0.045     0.020
NOR     1967     2.785     0.923     0.861     0.572     0.269     0.161     2.700     0.916     0.845     0.551     0.249     0.139
NOR     1968     2.753     0.962     0.835     0.548     0.255     0.153     2.675     0.955     0.824     0.529     0.235     0.130
NOR     1969     2.697     0.946     0.821     0.528     0.248     0.154     2.623     0.940     0.811     0.511     0.231     0.131
NOR     1970     2.506     0.919     0.772     0.473     0.213     0.130     2.449     0.914     0.764     0.459     0.200     0.111
NOR     1971     2.489     0.946     0.775     0.450     0.200     0.118     2.436     0.942     0.767     0.439     0.188     0.100
NOR     1972     2.384     0.926     0.772     0.409     0.174     0.103     2.337     0.922     0.765     0.399     0.164     0.087
NOR     1973     2.230     0.882     0.742     0.373     0.147     0.086     2.191     0.880     0.737     0.365     0.137     0.072
NOR     1974     2.131     0.858     0.735     0.341     0.123     0.074     2.095     0.855     0.730     0.334     0.116     0.060
NOR     1975     1.983     0.822     0.703     0.298     0.101     0.059     1.954     0.820     0.698     0.292     0.096     0.048
NOR     1976     1.863     0.785     0.661     0.275     0.089     0.053     1.837     0.783     0.657     0.271     0.083     0.043
NOR     1977     1.754     0.735     0.643     0.257     0.077     0.043     1.731     0.732     0.639     0.251     0.073     0.036
NOR     1978     1.769     0.730     0.659     0.266     0.076     0.038     1.746     0.727     0.655     0.261     0.072     0.031
NOR     1979     1.751     0.718     0.648     0.270     0.077     0.037     1.730     0.716     0.645     0.266     0.073     0.031
NOR     1980     1.723     0.714     0.639     0.263     0.073     0.033     1.702     0.712     0.636     0.258     0.069     0.027
NOR     1981     1.701     0.713     0.618     0.266     0.073     0.031     1.681     0.710     0.614     0.262     0.069     0.026
NOR     1982     1.709     0.712     0.616     0.276     0.073     0.032     1.689     0.709     0.612     0.272     0.069     0.026
NOR     1983     1.656     0.686     0.594     0.273     0.072     0.030     1.637     0.684     0.591     0.269     0.068     0.025
NOR     1984     1.659     0.697     0.596     0.266     0.070     0.030     1.638     0.694     0.593     0.260     0.066     0.025
NOR     1985     1.677     0.720     0.588     0.267     0.072     0.029     1.657     0.718     0.585     0.263     0.067     0.024
NOR     1986     1.711     0.750     0.598     0.267     0.069     0.027     1.691     0.748     0.594     0.263     0.065     0.022
NOR     1987     1.745     0.746     0.627     0.276     0.069     0.027     1.725     0.743     0.624     0.271     0.065     0.023
NOR     1988     1.841     0.798     0.646     0.295     0.075     0.027     1.818     0.795     0.641     0.289     0.070     0.023
NOR     1989     1.887     0.807     0.662     0.313     0.078     0.028     1.865     0.804     0.657     0.307     0.074     0.024
NOR     1990     1.932     0.816     0.675     0.328     0.082     0.031     1.907     0.813     0.670     0.321     0.077     0.026
NOR     1991     1.918     0.812     0.660     0.329     0.087     0.030     1.891     0.809     0.654     0.322     0.082     0.026
NOR     1992     1.885     0.782     0.665     0.319     0.086     0.033     1.857     0.778     0.658     0.313     0.080     0.028
NOR     1993     1.860     0.759     0.663     0.316     0.090     0.032     1.831     0.756     0.656     0.307     0.085     0.027
NOR     1994     1.865     0.755     0.673     0.316     0.088     0.033     1.836     0.751     0.666     0.308     0.083     0.028
NOR     1995     1.868     0.757     0.675     0.321     0.083     0.033     1.837     0.753     0.666     0.313     0.077     0.028
NOR     1996     1.889     0.768     0.677     0.328     0.084     0.032     1.855     0.763     0.669     0.318     0.078     0.028
NOR     1997     1.856     0.752     0.662     0.325     0.084     0.033     1.821     0.747     0.653     0.315     0.078     0.028
NOR     1998     1.813     0.748     0.644     0.309     0.080     0.031     1.778     0.743     0.635     0.299     0.074     0.027
NOR     1999     1.844     0.766     0.650     0.312     0.084     0.032     1.808     0.760     0.641     0.303     0.077     0.027
NOR     2000     1.851     0.772     0.653     0.309     0.083     0.033     1.813     0.766     0.644     0.299     0.077     0.027
NOR     2001     1.784     0.751     0.635     0.290     0.076     0.032     1.747     0.745     0.625     0.280     0.070     0.027
NOR     2002     1.754     0.745     0.634     0.272     0.073     0.030     1.714     0.738     0.623     0.262     0.066     0.025
NOR     2003     1.796     0.771     0.641     0.281     0.072     0.031     1.757     0.765     0.629     0.270     0.067     0.026
NOR     2004     1.828     0.796     0.648     0.282     0.073     0.029     1.787     0.788     0.636     0.271     0.068     0.024
NOR     2005     1.836     0.795     0.659     0.281     0.072     0.029     1.792     0.787     0.647     0.270     0.066     0.023
NOR     2006     1.904     0.835     0.689     0.279     0.072     0.030     1.858     0.825     0.676     0.267     0.065     0.025
NOR     2007     1.901     0.828     0.685     0.287     0.072     0.029     1.851     0.818     0.670     0.275     0.066     0.024
NOR     2008     1.957     0.873     0.689     0.290     0.073     0.031     1.906     0.862     0.675     0.278     0.067     0.025
NOR     2009     1.980     0.875     0.709     0.292     0.073     0.031     1.927     0.863     0.692     0.280     0.067     0.025
NOR     2010     1.946     0.860     0.699     0.287     0.070     0.030     1.890     0.848     0.681     0.274     0.063     0.024
NOR     2011     1.881     0.810     0.689     0.281     0.066     0.036     1.824     0.797     0.670     0.268     0.059     0.030
NOR     2012     1.852     0.789     0.690     0.275     0.064     0.033     1.796     0.776     0.672     0.262     0.058     0.028
NOR     2013     1.782     0.765     0.670     0.261     0.059     0.026     1.726     0.753     0.651     0.248     0.052     0.022
NOR     2014     1.756     0.752     0.661     0.258     0.060     0.025     1.697     0.738     0.640     0.244     0.054     0.020
NOR     2015     1.731     0.743     0.648     0.256     0.060     0.024     1.671     0.727     0.628     0.244     0.053     0.020
NOR     2016     1.706     0.734     0.643     0.246     0.057     0.026     1.643     0.719     0.622     0.232     0.050     0.020
NOR     2017     1.623     0.690     0.616     0.235     0.058     0.024     1.560     0.674     0.596     0.221     0.051     0.019
NOR     2018     1.565     0.670     0.597     0.220     0.055     0.023     1.504     0.654     0.576     0.207     0.048     0.018
NOR     2019     1.531     0.660     0.585     0.212     0.052     0.023     1.466     0.643     0.563     0.198     0.045     0.018
NOR     2020     1.477     0.644     0.560     0.206     0.046     0.020     1.414     0.628     0.537     0.192     0.041     0.016
NOR     2021     1.553     0.668     0.593     0.218     0.051     0.022     1.488     0.651     0.571     0.204     0.045     0.017
NOR     2022     1.410     0.622     0.529     0.194     0.045     0.020     1.347     0.603     0.507     0.182     0.040     0.015
NOR     2023     1.403     0.625     0.532     0.182     0.044     0.019     1.339     0.608     0.509     0.169     0.039     0.014
NOR     2024     1.445     0.635     0.546     0.197     0.046     0.021     1.377     0.616     0.521     0.183     0.041     0.016
POL     1971     2.248     0.863     0.664     0.340     0.171     0.210     2.188     0.860     0.659     0.331     0.162     0.177
POL     1972     2.227     0.867     0.667     0.333     0.165     0.195     2.168     0.863     0.662     0.325     0.155     0.163
POL     1973     2.239     0.886     0.674     0.330     0.162     0.188     2.181     0.882     0.668     0.321     0.152     0.157
POL     1974     2.248     0.882     0.694     0.331     0.158     0.183     2.191     0.878     0.688     0.323     0.149     0.153
POL     1975     2.264     0.888     0.715     0.334     0.156     0.171     2.210     0.885     0.710     0.326     0.147     0.143
POL     1976     2.296     0.909     0.737     0.336     0.151     0.163     2.245     0.906     0.732     0.328     0.143     0.136
POL     1977     2.222     0.890     0.725     0.321     0.140     0.146     2.174     0.887     0.721     0.313     0.132     0.122
POL     1978     2.199     0.883     0.726     0.317     0.136     0.137     2.157     0.881     0.722     0.310     0.129     0.116
POL     1979     2.251     0.898     0.757     0.326     0.137     0.134     2.209     0.895     0.752     0.319     0.129     0.113
POL     1980     2.256     0.901     0.764     0.329     0.134     0.128     2.215     0.898     0.760     0.322     0.127     0.108
POL     1981     2.216     0.883     0.746     0.331     0.133     0.123     2.175     0.881     0.742     0.324     0.126     0.104
POL     1982     2.315     0.923     0.763     0.357     0.143     0.129     2.272     0.920     0.758     0.348     0.136     0.109
POL     1983     2.396     0.939     0.826     0.367     0.142     0.121     2.356     0.937     0.821     0.359     0.135     0.103
POL     1984     2.359     0.937     0.807     0.361     0.139     0.115     2.320     0.935     0.802     0.353     0.132     0.098
POL     1985     2.319     0.919     0.801     0.358     0.135     0.107     2.282     0.916     0.796     0.350     0.128     0.092
POL     1986     2.215     0.875     0.764     0.345     0.129     0.102     2.179     0.872     0.759     0.338     0.122     0.088
POL     1987     2.157     0.865     0.728     0.335     0.128     0.100     2.123     0.862     0.724     0.328     0.122     0.087
POL     1988     2.152     0.864     0.726     0.337     0.128     0.096     2.118     0.862     0.722     0.329     0.122     0.084
POL     1989     2.108     0.856     0.710     0.328     0.123     0.090     2.077     0.854     0.706     0.321     0.117     0.079
POL     1990     2.071     0.869     0.671     0.317     0.122     0.092     2.040     0.867     0.667     0.310     0.116     0.081
POL     1991     2.071     0.860     0.659     0.326     0.131     0.096     2.040     0.857     0.655     0.318     0.124     0.085
POL     1992     1.953     0.794     0.625     0.308     0.127     0.098     1.922     0.792     0.621     0.301     0.121     0.087
POL     1993     1.869     0.736     0.594     0.307     0.132     0.100     1.836     0.734     0.590     0.299     0.124     0.089
POL     1994     1.786     0.702     0.561     0.294     0.129     0.100     1.752     0.700     0.557     0.285     0.122     0.089
POL     1995     1.666     0.672     0.528     0.262     0.113     0.091     1.636     0.670     0.524     0.254     0.106     0.081
POL     1996     1.606     0.661     0.511     0.244     0.104     0.087     1.577     0.658     0.507     0.236     0.098     0.078
POL     1997     1.527     0.647     0.485     0.222     0.093     0.080     1.500     0.645     0.482     0.216     0.087     0.071
POL     1998     1.451     0.632     0.459     0.202     0.084     0.074     1.425     0.630     0.455     0.195     0.079     0.065
POL     1999     1.392     0.620     0.435     0.189     0.078     0.070     1.366     0.618     0.431     0.183     0.073     0.061
POL     2000     1.367     0.625     0.427     0.178     0.072     0.065     1.342     0.623     0.423     0.172     0.067     0.057
POL     2001     1.297     0.596     0.409     0.164     0.067     0.061     1.272     0.594     0.405     0.158     0.062     0.052
POL     2002     1.234     0.574     0.392     0.152     0.061     0.056     1.208     0.572     0.388     0.146     0.055     0.048
POL     2003     1.203     0.580     0.379     0.140     0.054     0.050     1.178     0.577     0.376     0.134     0.049     0.042
POL     2004     1.209     0.590     0.386     0.136     0.051     0.046     1.183     0.588     0.382     0.129     0.046     0.038
POL     2005     1.232     0.610     0.401     0.133     0.047     0.041     1.206     0.607     0.397     0.127     0.043     0.033
POL     2006     1.257     0.628     0.415     0.132     0.045     0.037     1.232     0.625     0.410     0.126     0.041     0.030
POL     2007     1.300     0.648     0.437     0.136     0.044     0.035     1.273     0.645     0.431     0.128     0.039     0.028
POL     2008     1.377     0.690     0.471     0.140     0.044     0.032     1.348     0.687     0.465     0.132     0.039     0.025
POL     2009     1.389     0.704     0.475     0.139     0.041     0.030     1.359     0.701     0.469     0.131     0.036     0.023
POL     2010     1.372     0.688     0.478     0.137     0.041     0.027     1.340     0.684     0.471     0.129     0.035     0.021
POL     2011     1.295     0.644     0.458     0.131     0.038     0.025     1.264     0.640     0.451     0.122     0.033     0.019
POL     2012     1.305     0.649     0.465     0.131     0.037     0.024     1.273     0.644     0.456     0.122     0.032     0.018
POL     2013     1.253     0.627     0.444     0.125     0.034     0.022     1.221     0.623     0.436     0.117     0.029     0.017
POL     2014     1.285     0.634     0.468     0.128     0.034     0.021     1.252     0.629     0.459     0.119     0.029     0.016
POL     2015     1.289     0.639     0.472     0.128     0.033     0.018     1.256     0.633     0.462     0.119     0.028     0.014
POL     2016     1.360     0.659     0.505     0.141     0.035     0.020     1.325     0.653     0.495     0.131     0.030     0.015
POL     2017     1.458     0.665     0.568     0.166     0.039     0.020     1.420     0.659     0.556     0.156     0.034     0.015
POL     2018         .         .         .         .         .         .         .         .         .         .         .         .
POL     2019     1.420     0.648     0.495     0.201     0.054     0.022     1.380     0.640     0.483     0.190     0.049     0.018
POL     2020     1.385     0.653     0.471     0.186     0.052     0.022     1.344     0.644     0.460     0.175     0.046     0.018
POL     2021     1.327     0.623     0.445     0.186     0.051     0.023     1.287     0.614     0.434     0.175     0.046     0.019
POL     2022     1.260     0.595     0.410     0.180     0.052     0.024     1.222     0.586     0.400     0.169     0.046     0.020
POL     2023     1.159     0.552     0.379     0.158     0.048     0.022     1.121     0.543     0.369     0.149     0.043     0.018
PRT     1959     3.150     0.991     0.626     0.445     0.310     0.779     2.904     0.980     0.614     0.428     0.289     0.594
PRT     1960     3.159     1.014     0.642     0.429     0.305     0.769     2.922     1.001     0.630     0.414     0.286     0.591
PRT     1961     3.224     1.013     0.658     0.442     0.317     0.795     2.990     1.001     0.646     0.426     0.298     0.620
PRT     1962     3.287     1.034     0.686     0.450     0.311     0.806     3.051     1.022     0.673     0.433     0.293     0.630
PRT     1963     3.196     0.971     0.688     0.456     0.307     0.774     2.967     0.959     0.676     0.439     0.289     0.605
PRT     1964     3.308     1.009     0.703     0.464     0.339     0.794     3.075     0.996     0.690     0.447     0.317     0.626
PRT     1965     3.245     1.023     0.694     0.452     0.312     0.764     3.023     1.011     0.681     0.435     0.294     0.602
PRT     1966     3.240     1.002     0.718     0.448     0.311     0.761     3.022     0.991     0.705     0.432     0.292     0.602
PRT     1967     3.212     1.028     0.723     0.428     0.295     0.738     2.997     1.016     0.709     0.412     0.278     0.582
PRT     1968     3.147     1.026     0.719     0.416     0.278     0.708     2.943     1.016     0.705     0.400     0.260     0.563
PRT     1969     3.111     1.011     0.735     0.412     0.269     0.684     2.911     1.000     0.722     0.397     0.252     0.539
PRT     1970     3.001     1.008     0.726     0.392     0.253     0.623     2.820     0.997     0.712     0.377     0.237     0.496
PRT     1971     3.000     1.027     0.747     0.392     0.240     0.595     2.819     1.017     0.735     0.377     0.225     0.466
PRT     1972     2.835     0.994     0.719     0.366     0.220     0.536     2.668     0.984     0.705     0.352     0.205     0.422
PRT     1973     2.747     0.968     0.699     0.359     0.213     0.508     2.579     0.957     0.685     0.344     0.198     0.394
PRT     1974     2.693     0.983     0.700     0.347     0.198     0.465     2.538     0.973     0.687     0.332     0.185     0.361
PRT     1975     2.756     1.069     0.749     0.337     0.182     0.419     2.610     1.060     0.737     0.323     0.168     0.322
PRT     1976     2.799     1.243     0.718     0.313     0.168     0.357     2.668     1.233     0.707     0.299     0.155     0.274
PRT     1977     2.677     1.205     0.738     0.287     0.146     0.301     2.558     1.195     0.727     0.276     0.135     0.226
PRT     1978     2.445     1.079     0.725     0.264     0.128     0.249     2.341     1.069     0.715     0.254     0.118     0.185
PRT     1979     2.313     0.980     0.734     0.262     0.123     0.213     2.221     0.972     0.724     0.252     0.114     0.159
PRT     1980     2.253     0.971     0.714     0.259     0.117     0.192     2.167     0.961     0.704     0.249     0.109     0.144
PRT     1981     2.137     0.895     0.709     0.253     0.110     0.170     2.061     0.887     0.700     0.244     0.102     0.129
PRT     1982     2.091     0.892     0.689     0.250     0.107     0.152     2.025     0.886     0.682     0.241     0.099     0.116
PRT     1983     1.973     0.852     0.644     0.238     0.100     0.139     1.912     0.847     0.637     0.230     0.093     0.106
PRT     1984     1.932     0.855     0.620     0.233     0.099     0.126     1.879     0.849     0.614     0.225     0.092     0.098
PRT     1985     1.755     0.792     0.555     0.209     0.088     0.111     1.706     0.786     0.549     0.202     0.081     0.087
PRT     1986     1.697     0.782     0.536     0.196     0.083     0.100     1.652     0.776     0.531     0.189     0.078     0.079
PRT     1987     1.648     0.769     0.526     0.185     0.077     0.090     1.607     0.764     0.520     0.179     0.072     0.072
PRT     1988     1.632     0.795     0.517     0.171     0.071     0.078     1.594     0.790     0.512     0.165     0.066     0.062
PRT     1989     1.584     0.791     0.497     0.162     0.064     0.070     1.551     0.787     0.492     0.156     0.059     0.057
PRT     1990     1.557     0.785     0.498     0.156     0.059     0.060     1.526     0.781     0.492     0.150     0.054     0.050
PRT     1991     1.560     0.793     0.503     0.153     0.055     0.055     1.529     0.788     0.497     0.147     0.051     0.046
PRT     1992     1.539     0.787     0.500     0.148     0.052     0.051     1.510     0.783     0.495     0.142     0.049     0.042
PRT     1993     1.518     0.789     0.491     0.142     0.051     0.045     1.489     0.785     0.485     0.136     0.046     0.037
PRT     1994     1.446     0.753     0.465     0.137     0.049     0.041     1.419     0.749     0.460     0.131     0.045     0.034
PRT     1995     1.410     0.735     0.460     0.133     0.043     0.040     1.382     0.730     0.454     0.126     0.039     0.033
PRT     1996     1.444     0.753     0.480     0.133     0.044     0.035     1.417     0.748     0.474     0.126     0.040     0.029
PRT     1997     1.473     0.767     0.494     0.136     0.043     0.033     1.444     0.762     0.487     0.129     0.039     0.027
PRT     1998     1.474     0.765     0.503     0.136     0.041     0.030     1.446     0.760     0.496     0.129     0.037     0.024
PRT     1999     1.502     0.811     0.498     0.131     0.038     0.025     1.471     0.805     0.489     0.123     0.033     0.020
PRT     2000     1.549     0.842     0.516     0.132     0.036     0.023     1.514     0.834     0.506     0.123     0.032     0.019
PRT     2001     1.450     0.773     0.495     0.127     0.034     0.021     1.415     0.764     0.484     0.119     0.030     0.017
PRT     2002     1.465     0.799     0.486     0.125     0.034     0.021     1.429     0.791     0.474     0.116     0.030     0.017
PRT     2003     1.439     0.788     0.476     0.123     0.034     0.018     1.402     0.779     0.464     0.114     0.030     0.014
PRT     2004     1.404     0.762     0.466     0.123     0.034     0.018     1.365     0.752     0.454     0.113     0.031     0.015
PRT     2005     1.414     0.773     0.474     0.120     0.031     0.016     1.375     0.764     0.461     0.111     0.027     0.013
PRT     2006     1.373     0.754     0.461     0.114     0.030     0.014     1.333     0.745     0.448     0.104     0.025     0.011
PRT     2007     1.349     0.742     0.456     0.111     0.030     0.011     1.310     0.732     0.442     0.102     0.026     0.008
PRT     2008     1.393     0.764     0.471     0.116     0.029     0.013     1.351     0.754     0.456     0.106     0.025     0.010
PRT     2009     1.344     0.749     0.451     0.108     0.027     0.009     1.301     0.738     0.435     0.098     0.024     0.007
PRT     2010     1.390     0.764     0.472     0.114     0.028     0.012     1.343     0.751     0.454     0.103     0.024     0.010
PRT     2011     1.349     0.746     0.457     0.109     0.026     0.012     1.300     0.732     0.438     0.098     0.023     0.009
PRT     2012     1.284     0.727     0.418     0.104     0.025     0.010     1.237     0.713     0.400     0.093     0.022     0.009
PRT     2013     1.213     0.697     0.387     0.095     0.023     0.011     1.166     0.683     0.369     0.085     0.020     0.009
PRT     2014     1.236     0.693     0.411     0.098     0.023     0.011     1.184     0.677     0.391     0.087     0.020     0.009
PRT     2015     1.313     0.718     0.456     0.104     0.025     0.010     1.256     0.700     0.433     0.093     0.022     0.008
PRT     2016     1.367     0.740     0.477     0.111     0.027     0.012     1.300     0.719     0.450     0.099     0.023     0.010
PRT     2017     1.385     0.745     0.480     0.120     0.029     0.011     1.314     0.723     0.451     0.107     0.024     0.009
PRT     2018     1.424     0.753     0.501     0.127     0.030     0.013     1.347     0.729     0.468     0.113     0.026     0.010
PRT     2019     1.438     0.762     0.498     0.132     0.032     0.014     1.354     0.734     0.463     0.117     0.028     0.011
PRT     2020     1.421     0.788     0.456     0.132     0.032     0.013     1.334     0.757     0.421     0.117     0.027     0.011
PRT     2021     1.352     0.731     0.447     0.127     0.032     0.014     1.263     0.700     0.413     0.111     0.027     0.012
PRT     2022     1.426     0.784     0.458     0.134     0.034     0.016     1.335     0.751     0.423     0.119     0.029     0.013
PRT     2023     1.448     0.789     0.459     0.144     0.038     0.018     1.354     0.757     0.424     0.126     0.033     0.015
PRT     2024     1.407     0.766     0.443     0.142     0.038     0.018     1.313     0.733     0.408     0.125     0.032     0.015
RUS     1959     2.583     1.042     0.720     0.351     0.190     0.280     2.467     1.036     0.711     0.339     0.175     0.206
RUS     1960     2.556     1.021     0.726     0.354     0.186     0.269     2.447     1.015     0.717     0.343     0.172     0.200
RUS     1961     2.458     1.036     0.689     0.325     0.168     0.240     2.363     1.030     0.680     0.315     0.157     0.181
RUS     1962     2.340     1.008     0.659     0.300     0.155     0.219     2.252     1.001     0.651     0.290     0.144     0.166
RUS     1963     2.283     1.004     0.648     0.285     0.142     0.203     2.201     0.998     0.640     0.276     0.133     0.155
RUS     1964     2.160     0.986     0.609     0.252     0.127     0.185     2.084     0.980     0.600     0.244     0.119     0.142
RUS     1965     2.087     0.955     0.593     0.240     0.121     0.177     2.017     0.950     0.585     0.232     0.113     0.137
RUS     1966     2.098     0.970     0.606     0.233     0.116     0.173     2.032     0.964     0.598     0.226     0.109     0.136
RUS     1967     2.006     0.941     0.593     0.211     0.104     0.157     1.947     0.935     0.585     0.204     0.097     0.125
RUS     1968     1.970     0.931     0.592     0.201     0.097     0.149     1.913     0.926     0.585     0.194     0.091     0.119
RUS     1969     1.984     0.947     0.620     0.194     0.089     0.135     1.933     0.941     0.613     0.187     0.084     0.108
RUS     1970     1.995     0.986     0.613     0.189     0.082     0.126     1.947     0.981     0.606     0.183     0.077     0.101
RUS     1971     2.024     1.001     0.637     0.190     0.081     0.116     1.979     0.996     0.631     0.183     0.076     0.093
RUS     1972     2.027     0.992     0.664     0.185     0.076     0.111     1.982     0.988     0.657     0.178     0.070     0.088
RUS     1973     1.962     0.959     0.652     0.178     0.070     0.103     1.919     0.955     0.646     0.172     0.065     0.082
RUS     1974     1.995     0.983     0.663     0.179     0.069     0.100     1.953     0.979     0.657     0.173     0.065     0.079
RUS     1975     1.971     0.976     0.661     0.171     0.069     0.094     1.931     0.972     0.655     0.166     0.064     0.074
RUS     1976     1.953     0.975     0.660     0.166     0.063     0.089     1.915     0.971     0.655     0.161     0.058     0.069
RUS     1977     1.918     0.959     0.658     0.162     0.058     0.081     1.884     0.956     0.652     0.157     0.054     0.064
RUS     1978     1.899     0.964     0.650     0.157     0.054     0.074     1.867     0.961     0.645     0.152     0.050     0.059
RUS     1979     1.865     0.964     0.633     0.149     0.051     0.068     1.836     0.961     0.628     0.145     0.048     0.055
RUS     1980     1.863     0.966     0.642     0.146     0.048     0.061     1.837     0.963     0.638     0.142     0.045     0.049
RUS     1981     1.882     0.945     0.674     0.155     0.049     0.059     1.857     0.942     0.670     0.151     0.046     0.048
RUS     1982     1.956     0.944     0.725     0.176     0.053     0.058     1.931     0.941     0.720     0.172     0.050     0.047
RUS     1983     2.088     0.956     0.812     0.204     0.058     0.058     2.063     0.954     0.808     0.199     0.055     0.048
RUS     1984     2.051     0.967     0.766     0.206     0.057     0.055     2.027     0.965     0.762     0.201     0.054     0.046
RUS     1985     2.051     0.965     0.757     0.214     0.060     0.055     2.028     0.963     0.752     0.209     0.057     0.047
RUS     1986     2.177     0.979     0.825     0.247     0.066     0.059     2.152     0.977     0.820     0.241     0.063     0.051
RUS     1987     2.229     1.003     0.843     0.257     0.068     0.058     2.202     1.000     0.837     0.250     0.065     0.050
RUS     1988     2.142     1.011     0.779     0.233     0.064     0.055     2.116     1.007     0.773     0.227     0.060     0.048
RUS     1989     2.018     1.007     0.703     0.202     0.056     0.050     1.995     1.003     0.697     0.197     0.054     0.044
RUS     1990     1.894     0.996     0.625     0.178     0.051     0.045     1.874     0.993     0.620     0.173     0.049     0.039
RUS     1991     1.733     0.953     0.540     0.154     0.046     0.040     1.715     0.950     0.536     0.150     0.044     0.035
RUS     1992     1.549     0.891     0.458     0.126     0.040     0.033     1.532     0.888     0.455     0.123     0.038     0.029
RUS     1993     1.370     0.820     0.395     0.101     0.030     0.024     1.358     0.818     0.393     0.098     0.029     0.021
RUS     1994     1.395     0.842     0.401     0.101     0.030     0.023     1.383     0.840     0.398     0.098     0.028     0.020
RUS     1995     1.338     0.803     0.387     0.098     0.029     0.021     1.327     0.801     0.385     0.095     0.027     0.019
RUS     1996     1.271     0.755     0.372     0.094     0.028     0.021     1.259     0.753     0.370     0.092     0.027     0.018
RUS     1997     1.219     0.710     0.366     0.094     0.028     0.021     1.208     0.708     0.364     0.092     0.027     0.018
RUS     1998     1.233     0.718     0.371     0.094     0.028     0.020     1.221     0.716     0.368     0.092     0.027     0.018
RUS     1999     1.158     0.678     0.345     0.089     0.027     0.019     1.146     0.676     0.342     0.087     0.025     0.017
RUS     2000     1.196     0.702     0.358     0.092     0.026     0.018     1.183     0.700     0.355     0.089     0.024     0.015
RUS     2001     1.224     0.721     0.369     0.090     0.027     0.018     1.211     0.718     0.366     0.087     0.025     0.015
RUS     2002     1.287     0.745     0.396     0.100     0.028     0.019     1.274     0.743     0.393     0.096     0.026     0.016
RUS     2003     1.334     0.767     0.415     0.105     0.029     0.019     1.319     0.765     0.411     0.101     0.026     0.016
RUS     2004     1.345     0.772     0.420     0.105     0.029     0.018     1.328     0.770     0.416     0.100     0.027     0.016
RUS     2005     1.294     0.743     0.406     0.100     0.028     0.017     1.278     0.741     0.401     0.096     0.026     0.014
RUS     2006     1.305     0.753     0.409     0.101     0.027     0.016     1.287     0.750     0.404     0.096     0.024     0.013
RUS     2007     1.416     0.761     0.475     0.125     0.034     0.020     1.394     0.759     0.469     0.119     0.031     0.017
RUS     2008     1.502     0.786     0.515     0.143     0.037     0.020     1.477     0.783     0.508     0.136     0.034     0.017
RUS     2009     1.541     0.801     0.535     0.147     0.038     0.021     1.513     0.797     0.526     0.139     0.034     0.018
RUS     2010     1.567     0.785     0.564     0.156     0.040     0.021     1.536     0.781     0.554     0.147     0.036     0.018
RUS     2011     1.583     0.781     0.574     0.165     0.041     0.022     1.551     0.777     0.563     0.155     0.037     0.019
RUS     2012     1.692     0.810     0.620     0.189     0.047     0.026     1.657     0.806     0.608     0.178     0.043     0.022
RUS     2013     1.709     0.812     0.625     0.198     0.049     0.025     1.671     0.807     0.612     0.187     0.044     0.021
RUS     2014     1.752     0.801     0.658     0.212     0.053     0.028     1.710     0.796     0.644     0.199     0.048     0.023
RUS     2015     1.776     0.786     0.688     0.219     0.055     0.028     1.733     0.780     0.674     0.205     0.050     0.024
RUS     2016     1.762     0.763     0.687     0.225     0.058     0.030     1.717     0.757     0.672     0.211     0.053     0.025
RUS     2017     1.621     0.704     0.605     0.223     0.059     0.030     1.576     0.698     0.590     0.209     0.054     0.026
RUS     2018     1.579     0.664     0.583     0.231     0.067     0.035     1.532     0.656     0.568     0.217     0.061     0.031
SVK     1950     3.578     1.038     0.924     0.597     0.368     0.651     3.389     1.032     0.912     0.580     0.348     0.518
SVK     1951     3.569     1.038     0.912     0.609     0.374     0.636     3.389     1.032     0.901     0.593     0.354     0.510
SVK     1952     3.549     1.013     0.903     0.619     0.386     0.629     3.378     1.006     0.893     0.603     0.365     0.510
SVK     1953     3.464     0.978     0.873     0.617     0.373     0.622     3.294     0.973     0.862     0.600     0.352     0.507
SVK     1954     3.410     0.940     0.882     0.615     0.375     0.598     3.252     0.934     0.871     0.599     0.356     0.492
SVK     1955     3.434     0.973     0.875     0.616     0.375     0.594     3.273     0.968     0.866     0.599     0.355     0.486
SVK     1956     3.426     0.998     0.871     0.597     0.371     0.589     3.290     0.994     0.863     0.584     0.354     0.494
SVK     1957     3.349     0.988     0.860     0.568     0.359     0.574     3.220     0.983     0.852     0.556     0.344     0.485
SVK     1958     3.203     0.943     0.857     0.548     0.328     0.528     3.095     0.939     0.851     0.538     0.317     0.450
SVK     1959     3.014     0.939     0.823     0.519     0.288     0.445     2.925     0.936     0.816     0.510     0.278     0.384
SVK     1960     3.019     0.948     0.828     0.523     0.285     0.434     2.930     0.945     0.823     0.515     0.272     0.375
SVK     1961     2.967     0.951     0.830     0.510     0.275     0.400     2.892     0.948     0.824     0.503     0.267     0.349
SVK     1962     2.837     0.917     0.807     0.478     0.257     0.378     2.765     0.914     0.803     0.471     0.248     0.329
SVK     1963     2.936     0.924     0.842     0.515     0.266     0.389     2.864     0.921     0.837     0.508     0.257     0.342
SVK     1964     2.911     0.907     0.840     0.520     0.265     0.381     2.840     0.904     0.835     0.512     0.256     0.334
SVK     1965     2.806     0.876     0.820     0.486     0.257     0.368     2.738     0.872     0.815     0.478     0.248     0.324
SVK     1966     2.684     0.862     0.795     0.454     0.236     0.337     2.623     0.859     0.791     0.447     0.228     0.298
SVK     1967     2.511     0.843     0.749     0.411     0.206     0.301     2.457     0.840     0.744     0.406     0.200     0.267
SVK     1968     2.421     0.837     0.721     0.392     0.193     0.279     2.371     0.834     0.718     0.387     0.186     0.247
SVK     1969     2.466     0.865     0.749     0.398     0.193     0.262     2.419     0.863     0.745     0.392     0.187     0.232
SVK     1970     2.428     0.855     0.764     0.389     0.183     0.236     2.383     0.853     0.761     0.384     0.177     0.208
SVK     1971     2.427     0.857     0.787     0.384     0.174     0.226     2.385     0.855     0.784     0.379     0.169     0.199
SVK     1972     2.482     0.867     0.812     0.412     0.176     0.215     2.442     0.865     0.809     0.408     0.171     0.189
SVK     1973     2.549     0.857     0.872     0.432     0.180     0.208     2.508     0.856     0.869     0.427     0.173     0.183
SVK     1974     2.592     0.910     0.870     0.440     0.177     0.195     2.554     0.909     0.867     0.435     0.171     0.171
SVK     1975     2.522     0.916     0.838     0.427     0.163     0.177     2.488     0.914     0.836     0.423     0.158     0.157
SVK     1976     2.522     0.924     0.852     0.426     0.158     0.162     2.490     0.922     0.850     0.422     0.153     0.144
SVK     1977     2.470     0.926     0.843     0.412     0.150     0.139     2.440     0.924     0.840     0.408     0.145     0.122
SVK     1978     2.459     0.946     0.834     0.406     0.146     0.127     2.431     0.944     0.831     0.402     0.141     0.114
SVK     1979     2.444     0.951     0.845     0.394     0.137     0.117     2.422     0.950     0.843     0.391     0.133     0.105
SVK     1980     2.316     0.920     0.800     0.363     0.129     0.105     2.294     0.918     0.798     0.359     0.125     0.094
SVK     1981     2.279     0.886     0.794     0.369     0.128     0.102     2.259     0.885     0.792     0.366     0.124     0.092
SVK     1982     2.270     0.908     0.786     0.360     0.123     0.092     2.251     0.906     0.785     0.356     0.120     0.084
SVK     1983     2.268     0.913     0.783     0.354     0.123     0.095     2.251     0.912     0.781     0.351     0.121     0.087
SVK     1984     2.253     0.917     0.783     0.345     0.117     0.090     2.236     0.915     0.782     0.342     0.114     0.082
SVK     1985     2.256     0.929     0.786     0.341     0.118     0.082     2.241     0.928     0.784     0.338     0.116     0.075
SVK     1986     2.203     0.907     0.776     0.336     0.109     0.074     2.189     0.906     0.774     0.334     0.106     0.069
SVK     1987     2.151     0.911     0.760     0.308     0.102     0.071     2.137     0.909     0.758     0.306     0.099     0.066
SVK     1988     2.153     0.905     0.767     0.311     0.102     0.068     2.140     0.904     0.765     0.309     0.100     0.063
SVK     1989     2.090     0.881     0.741     0.300     0.102     0.066     2.077     0.880     0.740     0.298     0.099     0.060
SVK     1990     2.096     0.883     0.742     0.300     0.102     0.068     2.081     0.882     0.740     0.297     0.099     0.063
SVK     1991     2.051     0.903     0.685     0.294     0.101     0.067     2.036     0.902     0.684     0.291     0.097     0.062
SVK     1992     1.931     0.826     0.655     0.275     0.102     0.073     1.915     0.825     0.653     0.271     0.099     0.067
SVK     1993     1.872     0.788     0.644     0.270     0.099     0.070     1.857     0.786     0.642     0.267     0.096     0.065
SVK     1994     1.673     0.698     0.573     0.242     0.090     0.071     1.658     0.696     0.571     0.239     0.087     0.065
SVK     1995     1.529     0.633     0.526     0.217     0.084     0.068     1.514     0.632     0.524     0.214     0.081     0.064
SVK     1996     1.478     0.604     0.498     0.209     0.090     0.077     1.465     0.603     0.496     0.206     0.087     0.072
SVK     1997     1.437     0.592     0.481     0.199     0.086     0.080     1.422     0.590     0.479     0.196     0.083     0.075
SVK     1998     1.384     0.579     0.464     0.186     0.075     0.080     1.369     0.577     0.462     0.183     0.072     0.075
SVK     1999     1.339     0.573     0.439     0.174     0.073     0.079     1.324     0.571     0.437     0.171     0.071     0.074
SVK     2000     1.302     0.573     0.419     0.163     0.068     0.078     1.286     0.571     0.417     0.159     0.066     0.073
SVK     2001     1.200     0.516     0.392     0.152     0.064     0.077     1.185     0.514     0.390     0.148     0.062     0.071
SVK     2002     1.188     0.526     0.382     0.149     0.060     0.072     1.173     0.524     0.380     0.145     0.057     0.067
SVK     2003     1.205     0.538     0.385     0.146     0.060     0.076     1.189     0.536     0.383     0.142     0.057     0.070
SVK     2004     1.249     0.575     0.388     0.150     0.059     0.077     1.230     0.572     0.385     0.145     0.056     0.071
SVK     2005     1.264     0.580     0.400     0.149     0.060     0.077     1.245     0.576     0.397     0.144     0.057     0.071
SVK     2006     1.253     0.583     0.395     0.145     0.058     0.073     1.234     0.579     0.393     0.140     0.055     0.067
SVK     2007     1.268     0.597     0.402     0.145     0.052     0.071     1.246     0.594     0.399     0.140     0.049     0.065
SVK     2008     1.341     0.653     0.415     0.148     0.055     0.070     1.317     0.648     0.411     0.143     0.052     0.064
SVK     2009     1.437     0.695     0.453     0.162     0.056     0.071     1.408     0.689     0.448     0.155     0.052     0.064
SVK     2010     1.428     0.705     0.440     0.159     0.054     0.069     1.398     0.698     0.435     0.152     0.050     0.063
SVK     2011     1.448     0.733     0.440     0.153     0.052     0.069     1.415     0.724     0.433     0.146     0.049     0.062
SVK     2012     1.465     0.737     0.458     0.152     0.052     0.065     1.431     0.729     0.450     0.145     0.049     0.058
SVK     2013     1.474     0.753     0.457     0.151     0.051     0.061     1.438     0.743     0.449     0.143     0.047     0.056
SVK     2014     1.503     0.774     0.462     0.153     0.050     0.064     1.465     0.763     0.453     0.144     0.046     0.059
SVN     1983     1.809     0.879     0.695     0.173     0.041     0.021     1.787     0.876     0.690     0.167     0.038     0.016
SVN     1984     1.742     0.861     0.662     0.162     0.036     0.021     1.721     0.858     0.658     0.157     0.032     0.016
SVN     1985     1.714     0.840     0.653     0.163     0.040     0.019     1.695     0.837     0.649     0.156     0.037     0.015
SVN     1986     1.666     0.796     0.654     0.162     0.037     0.018     1.649     0.793     0.650     0.157     0.034     0.014
SVN     1987     1.649     0.792     0.648     0.157     0.035     0.017     1.634     0.791     0.645     0.153     0.032     0.013
SVN     1988     1.630     0.789     0.633     0.155     0.037     0.016     1.615     0.787     0.630     0.151     0.034     0.013
SVN     1989     1.524     0.743     0.584     0.148     0.036     0.014     1.509     0.741     0.581     0.143     0.032     0.012
SVN     1990     1.462     0.711     0.568     0.140     0.028     0.014     1.448     0.708     0.564     0.137     0.026     0.013
SVN     1991     1.422     0.686     0.552     0.140     0.028     0.016     1.406     0.683     0.549     0.135     0.026     0.012
SVN     1992     1.332     0.669     0.498     0.125     0.026     0.014     1.318     0.667     0.495     0.121     0.023     0.012
SVN     1993     1.332     0.643     0.516     0.132     0.029     0.012     1.319     0.641     0.513     0.127     0.027     0.011
SVN     1994     1.320     0.628     0.518     0.133     0.027     0.013     1.308     0.626     0.515     0.130     0.025     0.012
SVN     1995     1.291     0.606     0.506     0.137     0.030     0.012     1.278     0.603     0.503     0.133     0.027     0.011
SVN     1996     1.283     0.607     0.501     0.136     0.027     0.012     1.269     0.605     0.497     0.133     0.024     0.010
SVN     1997     1.248     0.602     0.470     0.135     0.030     0.012     1.236     0.599     0.467     0.131     0.028     0.011
SVN     1998     1.233     0.602     0.461     0.133     0.027     0.010     1.217     0.599     0.456     0.128     0.025     0.008
SVN     1999     1.213     0.603     0.443     0.127     0.026     0.013     1.197     0.600     0.439     0.123     0.024     0.011
SVN     2000     1.258     0.634     0.453     0.128     0.031     0.012     1.242     0.631     0.450     0.123     0.028     0.011
SVN     2001     1.210     0.597     0.442     0.128     0.030     0.013     1.195     0.594     0.438     0.123     0.028     0.012
SVN     2002     1.211     0.622     0.423     0.126     0.029     0.012     1.194     0.617     0.420     0.120     0.026     0.011
SVN     2003     1.201     0.603     0.435     0.124     0.026     0.013     1.183     0.599     0.430     0.120     0.023     0.011
SVN     2004     1.246     0.623     0.445     0.136     0.027     0.014     1.224     0.619     0.439     0.131     0.024     0.011
SVN     2005     1.261     0.639     0.449     0.133     0.027     0.013     1.239     0.634     0.443     0.127     0.024     0.010
SVN     2006     1.315     0.656     0.469     0.142     0.033     0.015     1.291     0.651     0.462     0.136     0.029     0.013
SVN     2007     1.380     0.678     0.500     0.154     0.034     0.015     1.352     0.671     0.492     0.147     0.030     0.012
SVN     2008     1.525     0.764     0.548     0.162     0.036     0.016     1.495     0.757     0.538     0.153     0.033     0.013
SVN     2009     1.533     0.766     0.550     0.162     0.039     0.017     1.503     0.758     0.541     0.155     0.036     0.014
SVN     2010     1.575     0.790     0.568     0.158     0.041     0.018     1.542     0.781     0.558     0.151     0.038     0.015
SVN     2011     1.562     0.776     0.581     0.152     0.037     0.017     1.529     0.767     0.570     0.145     0.032     0.014
SVN     2012     1.581     0.780     0.597     0.156     0.033     0.015     1.541     0.769     0.583     0.147     0.029     0.012
SVN     2013     1.547     0.790     0.567     0.144     0.032     0.015     1.509     0.780     0.554     0.136     0.028     0.011
SVN     2014     1.579     0.783     0.590     0.155     0.033     0.019     1.540     0.772     0.578     0.145     0.029     0.015
SVN     2015     1.572     0.779     0.584     0.160     0.032     0.016     1.528     0.766     0.569     0.152     0.029     0.013
SVN     2016     1.584     0.779     0.592     0.161     0.036     0.015     1.536     0.766     0.575     0.152     0.031     0.012
SVN     2017     1.620     0.774     0.626     0.168     0.035     0.018     1.571     0.757     0.608     0.158     0.032     0.015
SVN     2018     1.604     0.761     0.615     0.172     0.041     0.015     1.556     0.747     0.598     0.162     0.036     0.013
SVN     2019     1.611     0.774     0.607     0.176     0.038     0.017     1.558     0.757     0.589     0.166     0.033     0.014
SWE     1970     1.920     0.806     0.682     0.287     0.092     0.054     1.887     0.802     0.675     0.279     0.086     0.045
SWE     1971     1.961     0.853     0.688     0.283     0.089     0.049     1.931     0.849     0.682     0.276     0.083     0.041
SWE     1972     1.913     0.842     0.676     0.271     0.081     0.043     1.886     0.839     0.671     0.264     0.076     0.035
SWE     1973     1.867     0.833     0.658     0.262     0.076     0.039     1.844     0.830     0.654     0.256     0.071     0.033
SWE     1974     1.876     0.838     0.678     0.254     0.071     0.034     1.853     0.834     0.673     0.249     0.067     0.029
SWE     1975     1.769     0.799     0.650     0.230     0.061     0.031     1.750     0.796     0.646     0.225     0.057     0.026
SWE     1976     1.682     0.751     0.635     0.214     0.056     0.027     1.663     0.747     0.631     0.210     0.052     0.022
SWE     1977     1.645     0.719     0.638     0.210     0.054     0.025     1.627     0.716     0.635     0.206     0.050     0.021
SWE     1978     1.600     0.681     0.625     0.216     0.055     0.024     1.581     0.678     0.621     0.211     0.052     0.020
SWE     1979     1.658     0.697     0.632     0.242     0.061     0.026     1.636     0.694     0.627     0.236     0.057     0.022
SWE     1980     1.680     0.715     0.626     0.248     0.064     0.027     1.659     0.712     0.622     0.243     0.060     0.022
SWE     1981     1.636     0.688     0.607     0.253     0.063     0.025     1.613     0.685     0.602     0.247     0.059     0.021
SWE     1982     1.627     0.678     0.604     0.256     0.064     0.025     1.603     0.675     0.599     0.250     0.059     0.021
SWE     1983     1.614     0.667     0.594     0.261     0.068     0.025     1.591     0.664     0.589     0.254     0.063     0.020
SWE     1984     1.658     0.673     0.607     0.275     0.075     0.028     1.631     0.670     0.602     0.268     0.069     0.023
SWE     1985     1.740     0.706     0.622     0.298     0.083     0.031     1.713     0.702     0.616     0.290     0.078     0.026
SWE     1986     1.800     0.747     0.632     0.303     0.086     0.032     1.772     0.743     0.626     0.295     0.080     0.027
SWE     1987     1.844     0.770     0.653     0.301     0.086     0.034     1.815     0.766     0.646     0.292     0.081     0.029
SWE     1988     1.967     0.818     0.697     0.321     0.093     0.037     1.936     0.814     0.690     0.313     0.087     0.032
SWE     1989     2.020     0.851     0.701     0.331     0.099     0.039     1.986     0.846     0.693     0.321     0.092     0.034
SWE     1990     2.140     0.897     0.739     0.348     0.110     0.046     2.103     0.892     0.731     0.337     0.103     0.040
SWE     1991     2.113     0.867     0.738     0.351     0.109     0.048     2.075     0.861     0.730     0.340     0.102     0.042
SWE     1992     2.077     0.825     0.751     0.342     0.112     0.048     2.037     0.818     0.741     0.332     0.105     0.041
SWE     1993     1.982     0.785     0.721     0.323     0.103     0.050     1.943     0.779     0.712     0.313     0.096     0.044
SWE     1994     1.883     0.745     0.700     0.298     0.094     0.047     1.844     0.738     0.690     0.288     0.087     0.040
SWE     1995     1.731     0.697     0.642     0.271     0.081     0.040     1.694     0.690     0.632     0.261     0.076     0.035
SWE     1996     1.600     0.665     0.593     0.235     0.070     0.038     1.564     0.659     0.582     0.226     0.064     0.032
SWE     1997     1.528     0.642     0.568     0.217     0.066     0.034     1.491     0.635     0.558     0.208     0.061     0.029
SWE     1998     1.517     0.637     0.559     0.220     0.065     0.036     1.479     0.629     0.549     0.211     0.060     0.030
SWE     1999     1.512     0.650     0.546     0.217     0.064     0.035     1.473     0.642     0.535     0.208     0.059     0.029
SWE     2000     1.559     0.697     0.540     0.220     0.065     0.037     1.518     0.689     0.529     0.210     0.060     0.031
SWE     2001     1.580     0.716     0.552     0.214     0.063     0.035     1.537     0.706     0.540     0.205     0.058     0.028
SWE     2002     1.665     0.770     0.583     0.216     0.062     0.034     1.619     0.759     0.570     0.205     0.056     0.028
SWE     2003     1.731     0.791     0.612     0.227     0.066     0.034     1.681     0.781     0.598     0.215     0.060     0.028
SWE     2004     1.771     0.807     0.636     0.230     0.064     0.035     1.717     0.795     0.620     0.217     0.057     0.028
SWE     2005     1.787     0.808     0.653     0.228     0.065     0.033     1.733     0.796     0.638     0.215     0.058     0.027
SWE     2006     1.869     0.850     0.679     0.240     0.066     0.035     1.811     0.837     0.662     0.226     0.058     0.028
SWE     2007     1.892     0.863     0.680     0.248     0.066     0.035     1.828     0.849     0.660     0.233     0.059     0.028
SWE     2008     1.917     0.879     0.685     0.249     0.067     0.037     1.853     0.865     0.665     0.235     0.059     0.029
SWE     2009     1.937     0.883     0.705     0.247     0.066     0.037     1.868     0.867     0.683     0.231     0.057     0.030
SWE     2010     1.987     0.888     0.732     0.259     0.068     0.039     1.914     0.871     0.709     0.243     0.060     0.031
SWE     2011     1.900     0.836     0.710     0.248     0.068     0.038     1.827     0.819     0.687     0.231     0.060     0.030
SWE     2012     1.905     0.836     0.712     0.250     0.068     0.039     1.831     0.818     0.689     0.232     0.060     0.031
SWE     2013     1.888     0.814     0.709     0.258     0.068     0.039     1.814     0.796     0.686     0.241     0.059     0.032
SWE     2014     1.880     0.793     0.708     0.263     0.073     0.043     1.803     0.775     0.682     0.246     0.064     0.035
SWE     2015     1.848     0.782     0.690     0.259     0.073     0.045     1.773     0.763     0.665     0.242     0.065     0.037
SWE     2016     1.853     0.783     0.680     0.266     0.077     0.048     1.772     0.764     0.654     0.247     0.069     0.039
SWE     2017     1.784     0.750     0.649     0.259     0.077     0.048     1.702     0.731     0.624     0.240     0.068     0.039
SWE     2018     1.756     0.745     0.641     0.251     0.073     0.045     1.678     0.727     0.616     0.233     0.065     0.038
SWE     2019     1.710     0.725     0.628     0.239     0.072     0.046     1.626     0.704     0.602     0.220     0.063     0.037
SWE     2020     1.669     0.717     0.610     0.228     0.069     0.044     1.588     0.696     0.586     0.212     0.060     0.035
SWE     2021     1.673     0.706     0.622     0.236     0.068     0.041     1.591     0.687     0.595     0.217     0.059     0.032
SWE     2022     1.525     0.666     0.554     0.207     0.061     0.038     1.445     0.644     0.530     0.190     0.052     0.029
SWE     2023     1.454     0.651     0.535     0.184     0.052     0.032     1.377     0.630     0.510     0.168     0.044     0.024
SWE     2024     1.434     0.642     0.532     0.181     0.050     0.028     1.355     0.621     0.506     0.165     0.042     0.021
TWN     1976     3.072     0.931     0.796     0.629     0.373     0.343     3.028     0.927     0.793     0.625     0.370     0.313
TWN     1977     2.680     0.859     0.739     0.523     0.293     0.266     2.646     0.856     0.737     0.521     0.291     0.242
TWN     1978     2.680     0.860     0.782     0.548     0.270     0.221     2.651     0.858     0.779     0.546     0.267     0.202
TWN     1979     2.631     0.900     0.766     0.542     0.243     0.179     2.607     0.898     0.765     0.540     0.241     0.163
TWN     1980     2.490     0.846     0.754     0.516     0.225     0.148     2.468     0.844     0.753     0.514     0.223     0.134
TWN     1981     2.434     0.862     0.751     0.495     0.206     0.121     2.415     0.859     0.749     0.493     0.204     0.110
TWN     1982     2.301     0.845     0.717     0.455     0.183     0.100     2.283     0.843     0.715     0.453     0.181     0.091
TWN     1983     2.140     0.792     0.700     0.416     0.152     0.081     2.126     0.790     0.698     0.414     0.150     0.074
TWN     1984     2.038     0.777     0.696     0.373     0.127     0.065     2.025     0.775     0.694     0.371     0.125     0.060
TWN     1985     1.872     0.736     0.651     0.331     0.104     0.050     1.860     0.734     0.649     0.330     0.103     0.045
TWN     1986     1.660     0.704     0.561     0.271     0.082     0.041     1.649     0.702     0.560     0.270     0.081     0.036
TWN     1987     1.686     0.702     0.603     0.274     0.075     0.032     1.676     0.701     0.601     0.273     0.073     0.029
TWN     1988     1.834     0.731     0.669     0.321     0.082     0.031     1.825     0.729     0.667     0.320     0.081     0.028
TWN     1989     1.677     0.725     0.585     0.273     0.068     0.025     1.667     0.723     0.583     0.271     0.067     0.023
TWN     1990     1.800     0.770     0.646     0.296     0.066     0.022     1.790     0.768     0.644     0.294     0.065     0.020
TWN     1991     1.716     0.725     0.624     0.285     0.063     0.020     1.706     0.723     0.621     0.282     0.061     0.018
TWN     1992     1.729     0.759     0.612     0.280     0.060     0.018     1.719     0.757     0.609     0.278     0.058     0.017
TWN     1993     1.760     0.773     0.627     0.284     0.059     0.017     1.749     0.771     0.624     0.282     0.057     0.015
TWN     1994     1.754     0.768     0.638     0.278     0.054     0.015     1.742     0.766     0.635     0.276     0.052     0.014
TWN     1995     1.775     0.783     0.650     0.276     0.052     0.014     1.762     0.780     0.646     0.273     0.051     0.012
TWN     1996     1.769     0.765     0.654     0.283     0.054     0.014     1.756     0.762     0.651     0.279     0.052     0.012
TWN     1997     1.778     0.773     0.660     0.280     0.051     0.013     1.764     0.770     0.657     0.276     0.050     0.012
TWN     1998     1.469     0.677     0.513     0.225     0.044     0.011     1.456     0.674     0.509     0.221     0.042     0.010
TWN     1999     1.551     0.704     0.589     0.212     0.037     0.009     1.538     0.701     0.585     0.208     0.035     0.008
TWN     2000     1.674     0.779     0.616     0.228     0.042     0.010     1.658     0.774     0.611     0.224     0.040     0.009
TWN     2001     1.400     0.696     0.496     0.170     0.030     0.008     1.386     0.692     0.491     0.167     0.028     0.007
TWN     2002     1.337     0.669     0.492     0.143     0.026     0.008     1.324     0.666     0.488     0.139     0.025     0.007
TWN     2003     1.231     0.631     0.451     0.120     0.022     0.007     1.217     0.627     0.447     0.116     0.021     0.006
TWN     2004     1.177     0.616     0.425     0.109     0.020     0.006     1.163     0.612     0.421     0.106     0.019     0.005
TWN     2005     1.116     0.572     0.416     0.103     0.019     0.006     1.101     0.568     0.412     0.099     0.017     0.005
TWN     2006     1.108     0.584     0.401     0.099     0.018     0.006     1.093     0.579     0.396     0.095     0.017     0.006
TWN     2007     1.091     0.577     0.398     0.093     0.017     0.006     1.075     0.572     0.393     0.090     0.016     0.005
TWN     2008     1.050     0.560     0.380     0.087     0.016     0.006     1.032     0.555     0.374     0.083     0.015     0.005
TWN     2009     1.022     0.550     0.371     0.080     0.015     0.005     1.003     0.544     0.364     0.076     0.013     0.005
TWN     2010     0.887     0.474     0.317     0.075     0.014     0.005     0.867     0.468     0.310     0.071     0.013     0.005
TWN     2011     1.056     0.559     0.394     0.082     0.015     0.005     1.032     0.551     0.385     0.077     0.013     0.005
TWN     2012     1.257     0.677     0.456     0.101     0.017     0.006     1.227     0.667     0.445     0.094     0.015     0.005
TWN     2013     1.056     0.575     0.374     0.086     0.016     0.005     1.025     0.563     0.363     0.080     0.014     0.005
TWN     2014     1.159     0.611     0.432     0.093     0.017     0.006     1.124     0.600     0.419     0.085     0.015     0.005
TWN     2015     1.187     0.624     0.441     0.098     0.018     0.006     1.149     0.611     0.426     0.090     0.016     0.005
TWN     2016     1.175     0.614     0.435     0.100     0.019     0.007     1.133     0.600     0.418     0.092     0.017     0.006
TWN     2017     1.122     0.582     0.416     0.098     0.019     0.007     1.078     0.567     0.398     0.089     0.017     0.006
TWN     2018     1.062     0.556     0.386     0.095     0.019     0.007     1.016     0.540     0.368     0.086     0.017     0.006
TWN     2019     1.049     0.552     0.378     0.092     0.019     0.007     1.001     0.535     0.359     0.084     0.017     0.006
TWN     2020     0.985     0.519     0.354     0.086     0.018     0.007     0.938     0.502     0.336     0.078     0.016     0.006
TWN     2021     0.980     0.522     0.349     0.083     0.018     0.008     0.930     0.503     0.330     0.075     0.016     0.007
TWN     2022     0.876     0.473     0.299     0.078     0.018     0.007     0.826     0.454     0.281     0.070     0.016     0.006
TWN     2023     0.864     0.469     0.296     0.074     0.017     0.008     0.814     0.449     0.278     0.066     0.015     0.007
TWN     2024     0.877     0.478     0.300     0.074     0.018     0.008     0.824     0.456     0.280     0.065     0.015     0.007
UKR     1959     2.282     1.045     0.718     0.283     0.114     0.121     2.216     1.039     0.709     0.273     0.105     0.091
UKR     1960     2.248     1.030     0.716     0.280     0.109     0.113     2.187     1.024     0.707     0.270     0.100     0.086
UKR     1961     2.156     0.979     0.709     0.267     0.101     0.100     2.099     0.972     0.700     0.257     0.093     0.076
UKR     1962     2.135     1.018     0.673     0.257     0.095     0.092     2.077     1.011     0.663     0.247     0.088     0.069
UKR     1963     2.105     1.000     0.675     0.251     0.091     0.088     2.050     0.993     0.665     0.242     0.084     0.066
UKR     1964     2.015     0.980     0.644     0.229     0.083     0.079     1.963     0.973     0.635     0.220     0.076     0.060
UKR     1965     1.942     0.931     0.639     0.219     0.078     0.074     1.893     0.924     0.630     0.211     0.072     0.056
UKR     1966     2.054     0.995     0.669     0.231     0.082     0.077     2.006     0.988     0.660     0.222     0.076     0.060
UKR     1967     2.058     1.013     0.674     0.223     0.077     0.071     2.013     1.007     0.666     0.214     0.070     0.056
UKR     1968     2.048     1.016     0.680     0.211     0.073     0.068     2.005     1.009     0.671     0.203     0.068     0.054
UKR     1969     2.034     0.995     0.703     0.203     0.069     0.063     1.993     0.988     0.695     0.196     0.064     0.050
UKR     1970     2.106     1.043     0.721     0.211     0.068     0.062     2.068     1.037     0.713     0.204     0.062     0.051
UKR     1971     2.123     1.066     0.722     0.210     0.065     0.059     2.086     1.060     0.714     0.203     0.061     0.048
UKR     1972     2.125     1.073     0.724     0.208     0.064     0.056     2.087     1.067     0.716     0.200     0.059     0.045
UKR     1973     2.030     1.043     0.686     0.190     0.059     0.052     1.994     1.036     0.678     0.183     0.054     0.041
UKR     1974     2.062     1.041     0.712     0.193     0.060     0.055     2.027     1.036     0.705     0.187     0.056     0.044
UKR     1975     2.051     1.030     0.710     0.195     0.060     0.056     2.016     1.025     0.703     0.188     0.055     0.045
UKR     1976     2.047     1.039     0.706     0.187     0.059     0.056     2.014     1.035     0.700     0.181     0.054     0.045
UKR     1977     1.972     0.986     0.700     0.180     0.055     0.052     1.942     0.981     0.693     0.174     0.051     0.042
UKR     1978     1.962     1.008     0.684     0.167     0.053     0.051     1.934     1.004     0.678     0.161     0.049     0.042
UKR     1979     1.944     1.014     0.676     0.159     0.048     0.047     1.918     1.010     0.670     0.154     0.045     0.039
UKR     1980     1.938     1.026     0.670     0.151     0.046     0.045     1.914     1.023     0.665     0.146     0.043     0.038
UKR     1981     1.899     0.959     0.694     0.156     0.046     0.044     1.876     0.955     0.689     0.151     0.043     0.037
UKR     1982     1.927     0.966     0.708     0.163     0.046     0.044     1.905     0.964     0.703     0.158     0.043     0.038
UKR     1983     2.097     0.998     0.815     0.189     0.050     0.045     2.075     0.995     0.810     0.185     0.047     0.038
UKR     1984     2.076     1.008     0.789     0.186     0.049     0.044     2.055     1.006     0.784     0.181     0.046     0.037
UKR     1985     2.021     0.979     0.769     0.181     0.049     0.043     2.000     0.976     0.765     0.177     0.046     0.037
UKR     1986     2.128     1.002     0.824     0.201     0.054     0.048     2.106     1.000     0.819     0.196     0.050     0.041
UKR     1987     2.074     0.997     0.787     0.192     0.052     0.046     2.052     0.995     0.782     0.186     0.049     0.040
UKR     1988     2.058     1.026     0.762     0.178     0.048     0.045     2.038     1.023     0.757     0.174     0.045     0.039
UKR     1989     1.933     0.992     0.698     0.158     0.043     0.041     1.914     0.990     0.694     0.154     0.041     0.036
UKR     1990     1.848     0.993     0.633     0.144     0.040     0.038     1.831     0.991     0.629     0.140     0.038     0.033
UKR     1991     1.774     0.981     0.582     0.136     0.039     0.035     1.758     0.979     0.579     0.132     0.037     0.031
UKR     1992     1.673     0.944     0.535     0.125     0.036     0.033     1.658     0.942     0.532     0.122     0.034     0.029
UKR     1993     1.561     0.883     0.499     0.115     0.034     0.031     1.548     0.880     0.496     0.112     0.032     0.027
UKR     1994     1.467     0.853     0.450     0.104     0.031     0.029     1.455     0.851     0.448     0.102     0.030     0.025
UKR     1995     1.398     0.824     0.422     0.096     0.029     0.026     1.387     0.822     0.420     0.094     0.027     0.023
UKR     1996     1.335     0.795     0.397     0.090     0.027     0.025     1.325     0.793     0.395     0.088     0.026     0.022
UKR     1997     1.272     0.756     0.379     0.086     0.027     0.025     1.263     0.754     0.377     0.084     0.025     0.022
UKR     1998     1.211     0.719     0.360     0.082     0.026     0.024     1.201     0.718     0.358     0.080     0.024     0.021
UKR     1999     1.127     0.665     0.337     0.077     0.025     0.023     1.117     0.664     0.335     0.075     0.023     0.020
UKR     2000     1.116     0.665     0.332     0.074     0.023     0.021     1.106     0.663     0.330     0.072     0.022     0.019
UKR     2001     1.089     0.647     0.328     0.071     0.022     0.020     1.079     0.646     0.326     0.068     0.021     0.018
UKR     2002     1.125     0.659     0.348     0.075     0.022     0.021     1.115     0.658     0.346     0.072     0.021     0.018
UKR     2003     1.169     0.683     0.365     0.077     0.022     0.021     1.159     0.682     0.363     0.075     0.021     0.018
UKR     2004     1.215     0.719     0.373     0.079     0.023     0.021     1.203     0.717     0.370     0.076     0.022     0.018
UKR     2005     1.207     0.697     0.381     0.083     0.024     0.021     1.194     0.696     0.378     0.079     0.022     0.019
UKR     2006     1.300     0.723     0.433     0.094     0.026     0.023     1.287     0.722     0.429     0.091     0.025     0.020
UKR     2007     1.334     0.743     0.444     0.097     0.027     0.023     1.319     0.741     0.440     0.093     0.026     0.020
UKR     2008     1.446     0.788     0.486     0.115     0.031     0.026     1.428     0.786     0.481     0.110     0.029     0.023
UKR     2009     1.460     0.771     0.502     0.126     0.034     0.028     1.440     0.769     0.495     0.120     0.031     0.024
UKR     2010     1.429     0.729     0.499     0.133     0.037     0.030     1.407     0.727     0.492     0.128     0.035     0.026
UKR     2011     1.459     0.725     0.515     0.145     0.041     0.033     1.435     0.722     0.507     0.139     0.038     0.029
UKR     2012     1.531     0.758     0.536     0.157     0.045     0.035     1.505     0.755     0.528     0.150     0.042     0.031
UKR     2013     1.506     0.739     0.527     0.158     0.046     0.036     1.479     0.736     0.518     0.151     0.043     0.031
USA     1933     2.012     0.595     0.439     0.291     0.200     0.487     1.911     0.592     0.434     0.285     0.192     0.408
USA     1934     2.072     0.642     0.450     0.294     0.201     0.485     1.973     0.639     0.446     0.288     0.193     0.407
USA     1935     2.038     0.671     0.441     0.280     0.190     0.455     1.944     0.668     0.437     0.274     0.182     0.382
USA     1936     2.007     0.678     0.450     0.272     0.180     0.427     1.919     0.675     0.445     0.266     0.173     0.359
USA     1937     2.038     0.713     0.466     0.272     0.176     0.412     1.955     0.710     0.462     0.267     0.169     0.348
USA     1938     2.092     0.748     0.490     0.280     0.175     0.400     2.010     0.745     0.486     0.274     0.168     0.338
USA     1939     2.050     0.732     0.494     0.278     0.170     0.376     1.974     0.728     0.490     0.273     0.164     0.320
USA     1940     2.113     0.751     0.524     0.292     0.174     0.372     2.037     0.747     0.520     0.287     0.168     0.317
USA     1941     2.226     0.835     0.551     0.302     0.176     0.362     2.152     0.831     0.546     0.296     0.170     0.309
USA     1942     2.465     0.985     0.617     0.324     0.183     0.357     2.392     0.981     0.611     0.318     0.176     0.306
USA     1943     2.566     0.923     0.691     0.371     0.205     0.376     2.489     0.918     0.685     0.364     0.197     0.324
USA     1944     2.439     0.815     0.651     0.382     0.212     0.379     2.359     0.810     0.644     0.374     0.204     0.328
USA     1945     2.380     0.788     0.633     0.374     0.209     0.376     2.297     0.782     0.625     0.365     0.201     0.324
USA     1946     2.830     1.061     0.772     0.406     0.219     0.371     2.747     1.055     0.763     0.397     0.211     0.321
USA     1947     3.161     1.300     0.840     0.435     0.222     0.365     3.077     1.293     0.831     0.425     0.213     0.316
USA     1948     3.009     1.116     0.862     0.449     0.224     0.357     2.930     1.110     0.854     0.439     0.215     0.312
USA     1949     3.022     1.036     0.900     0.480     0.240     0.367     2.945     1.029     0.891     0.470     0.232     0.322
USA     1950     3.020     0.970     0.908     0.518     0.257     0.368     2.944     0.963     0.899     0.508     0.248     0.325
USA     1951     3.203     1.032     0.932     0.565     0.287     0.386     3.124     1.026     0.923     0.555     0.278     0.343
USA     1952     3.302     1.022     0.946     0.608     0.318     0.408     3.222     1.016     0.937     0.597     0.308     0.365
USA     1953     3.372     1.017     0.955     0.629     0.340     0.431     3.292     1.011     0.946     0.617     0.329     0.388
USA     1954     3.494     1.034     0.966     0.661     0.367     0.465     3.411     1.029     0.957     0.649     0.356     0.420
USA     1955     3.538     1.020     0.963     0.679     0.385     0.491     3.456     1.014     0.954     0.667     0.374     0.447
USA     1956     3.654     1.044     0.976     0.704     0.407     0.524     3.570     1.039     0.967     0.691     0.395     0.478
USA     1957     3.738     1.049     0.981     0.724     0.428     0.556     3.654     1.044     0.973     0.712     0.415     0.509
USA     1958     3.689     1.002     0.960     0.718     0.437     0.573     3.609     0.998     0.952     0.707     0.425     0.527
USA     1959     3.689     0.972     0.943     0.721     0.450     0.603     3.609     0.968     0.936     0.710     0.438     0.557
USA     1960     3.667     0.945     0.919     0.720     0.458     0.625     3.587     0.941     0.913     0.709     0.446     0.578
USA     1961     3.626     0.923     0.884     0.708     0.461     0.650     3.545     0.919     0.877     0.697     0.449     0.602
USA     1962     3.481     0.881     0.838     0.673     0.444     0.644     3.403     0.878     0.832     0.663     0.433     0.598
USA     1963     3.354     0.863     0.804     0.636     0.424     0.627     3.280     0.860     0.799     0.627     0.413     0.581
USA     1964     3.222     0.859     0.764     0.598     0.399     0.601     3.149     0.856     0.759     0.590     0.389     0.557
USA     1965     2.926     0.819     0.700     0.527     0.349     0.533     2.858     0.815     0.695     0.518     0.339     0.491
USA     1966     2.714     0.830     0.660     0.465     0.299     0.460     2.651     0.827     0.655     0.458     0.290     0.421
USA     1967     2.564     0.807     0.650     0.433     0.270     0.404     2.507     0.804     0.646     0.427     0.262     0.369
USA     1968     2.467     0.830     0.637     0.406     0.244     0.352     2.416     0.827     0.633     0.400     0.236     0.320
USA     1969     2.457     0.835     0.652     0.408     0.237     0.325     2.410     0.833     0.648     0.403     0.230     0.296
USA     1970     2.461     0.860     0.664     0.408     0.228     0.300     2.417     0.858     0.661     0.403     0.222     0.273
USA     1971     2.268     0.804     0.630     0.370     0.202     0.261     2.230     0.802     0.627     0.366     0.197     0.238
USA     1972     2.008     0.744     0.582     0.311     0.165     0.206     1.975     0.743     0.579     0.308     0.160     0.186
USA     1973     1.871     0.714     0.565     0.283     0.140     0.169     1.842     0.712     0.563     0.280     0.137     0.151
USA     1974     1.827     0.715     0.572     0.272     0.127     0.143     1.802     0.713     0.569     0.269     0.123     0.127
USA     1975     1.769     0.700     0.557     0.266     0.118     0.127     1.744     0.699     0.555     0.263     0.115     0.112
USA     1976     1.739     0.691     0.554     0.267     0.113     0.115     1.716     0.689     0.551     0.264     0.110     0.102
USA     1977     1.783     0.711     0.572     0.279     0.114     0.108     1.761     0.709     0.570     0.276     0.111     0.095
USA     1978     1.747     0.707     0.559     0.274     0.110     0.098     1.727     0.705     0.556     0.271     0.107     0.087
USA     1979     1.795     0.734     0.574     0.281     0.111     0.094     1.774     0.733     0.572     0.278     0.108     0.084
USA     1980     1.821     0.761     0.578     0.281     0.110     0.091     1.802     0.759     0.576     0.278     0.107     0.081
USA     1981     1.806     0.759     0.575     0.278     0.108     0.085     1.786     0.757     0.573     0.276     0.105     0.076
USA     1982     1.815     0.759     0.586     0.280     0.107     0.082     1.795     0.757     0.584     0.277     0.104     0.073
USA     1983     1.784     0.749     0.578     0.275     0.105     0.078     1.764     0.746     0.575     0.271     0.102     0.070
USA     1984     1.793     0.751     0.587     0.276     0.104     0.075     1.773     0.749     0.584     0.273     0.101     0.067
USA     1985     1.835     0.769     0.602     0.285     0.106     0.073     1.815     0.766     0.599     0.281     0.103     0.066
USA     1986     1.835     0.773     0.598     0.286     0.106     0.072     1.814     0.770     0.594     0.282     0.103     0.065
USA     1987     1.865     0.783     0.606     0.294     0.109     0.072     1.843     0.780     0.602     0.290     0.106     0.066
USA     1988     1.922     0.804     0.622     0.306     0.115     0.075     1.898     0.800     0.617     0.301     0.111     0.068
USA     1989     1.998     0.838     0.640     0.320     0.121     0.079     1.973     0.834     0.634     0.315     0.118     0.073
USA     1990     2.068     0.868     0.658     0.331     0.127     0.083     2.040     0.863     0.652     0.326     0.123     0.077
USA     1991     2.056     0.864     0.653     0.328     0.127     0.085     2.028     0.859     0.646     0.322     0.123     0.078
USA     1992     2.042     0.852     0.654     0.325     0.126     0.085     2.012     0.847     0.646     0.319     0.122     0.078
USA     1993     2.018     0.851     0.645     0.316     0.123     0.083     1.987     0.845     0.638     0.310     0.119     0.076
USA     1994     2.001     0.855     0.637     0.310     0.119     0.080     1.969     0.848     0.629     0.304     0.115     0.073
USA     1995     1.980     0.851     0.630     0.305     0.116     0.077     1.946     0.844     0.621     0.299     0.112     0.071
USA     1996     1.978     0.836     0.637     0.311     0.117     0.078     1.943     0.829     0.627     0.303     0.113     0.071
USA     1997     1.973     0.823     0.640     0.314     0.119     0.078     1.936     0.815     0.630     0.307     0.114     0.071
USA     1998     2.002     0.820     0.655     0.325     0.123     0.079     1.964     0.812     0.644     0.317     0.118     0.072
USA     1999     2.008     0.820     0.656     0.329     0.124     0.079     1.969     0.811     0.645     0.321     0.120     0.072
USA     2000     2.053     0.832     0.668     0.341     0.130     0.082     2.012     0.823     0.657     0.333     0.124     0.075
USA     2001     2.031     0.813     0.664     0.341     0.132     0.083     1.989     0.804     0.652     0.332     0.126     0.075
USA     2002     2.024     0.808     0.660     0.340     0.132     0.084     1.981     0.799     0.648     0.331     0.127     0.076
USA     2003     2.053     0.824     0.666     0.344     0.134     0.085     2.007     0.814     0.652     0.335     0.129     0.077
USA     2004     2.058     0.820     0.664     0.349     0.137     0.087     2.010     0.809     0.651     0.339     0.132     0.079
USA     2005     2.061     0.817     0.665     0.351     0.140     0.089     2.012     0.806     0.651     0.341     0.133     0.081
USA     2006     2.112     0.840     0.676     0.359     0.145     0.092     2.061     0.829     0.662     0.348     0.138     0.084
USA     2007     2.122     0.846     0.676     0.360     0.146     0.094     2.070     0.834     0.662     0.348     0.140     0.086
USA     2008     2.074     0.829     0.656     0.349     0.145     0.094     2.020     0.817     0.641     0.338     0.138     0.086
USA     2009     2.002     0.801     0.632     0.335     0.140     0.094     1.948     0.789     0.617     0.323     0.134     0.085
USA     2010     1.924     0.769     0.608     0.321     0.135     0.092     1.870     0.756     0.592     0.310     0.128     0.083
USA     2011     1.887     0.751     0.597     0.315     0.133     0.092     1.833     0.738     0.582     0.304     0.126     0.083
USA     2012     1.872     0.740     0.593     0.312     0.133     0.093     1.816     0.728     0.578     0.301     0.126     0.084
USA     2013     1.848     0.724     0.587     0.311     0.132     0.093     1.791     0.711     0.571     0.299     0.125     0.084
USA     2014     1.860     0.722     0.593     0.315     0.135     0.095     1.801     0.709     0.577     0.302     0.127     0.085
USA     2015     1.841     0.706     0.590     0.314     0.136     0.096     1.781     0.692     0.573     0.301     0.128     0.086
USA     2016     1.812     0.689     0.582     0.310     0.135     0.096     1.751     0.676     0.565     0.297     0.127     0.085
USA     2017     1.759     0.665     0.564     0.303     0.132     0.095     1.697     0.652     0.547     0.290     0.124     0.084
USA     2018     1.722     0.652     0.550     0.297     0.130     0.094     1.658     0.638     0.533     0.284     0.121     0.082
USA     2019     1.697     0.641     0.546     0.290     0.127     0.093     1.634     0.628     0.528     0.277     0.118     0.082
USA     2020     1.637     0.628     0.522     0.275     0.122     0.090     1.575     0.615     0.505     0.263     0.114     0.078
USA     2021     1.657     0.636     0.531     0.278     0.122     0.090     1.593     0.623     0.513     0.265     0.114     0.079
USA     2022     1.649     0.640     0.523     0.274     0.121     0.090     1.582     0.625     0.505     0.261     0.113     0.079
USA     2023     1.602     0.633     0.502     0.261     0.116     0.089     1.535     0.618     0.483     0.248     0.108     0.077
USA     2024     1.604     0.639     0.504     0.259     0.115     0.088     1.535     0.623     0.485     0.245     0.107     0.075
